NULL, this is a test, test passed ###################################################################3333
TREE,216,1017
TREE,2914,103
TREE,4427,557
TREE,6599,534
TREE,8359,685
TREE,10662,335
TREE,13174,431
TREE,14365,368
TREE,17375,624
TREE,19373,34
TREE,21399,691
TREE,22756,170
TREE,24733,600
TREE,26626,198
TREE,28813,472
TREE,31462,965
TREE,33268,919
TREE,35731,658
TREE,37168,963
TREE,38919,249
TREE,41304,1005
TREE,43624,725
TREE,45486,24
TREE,47573,522
TREE,370,3057
TREE,2918,2246
TREE,4371,2239
TREE,6210,2190
TREE,9175,2484
TREE,10332,2922
TREE,13047,2382
TREE,15179,2298
TREE,17108,2834
TREE,18875,2982
TREE,21350,2934
TREE,22593,2742
TREE,25357,2472
TREE,26995,2144
TREE,28694,2136
TREE,31504,2534
TREE,33253,2927
TREE,35152,2895
TREE,37158,2216
TREE,39438,2563
TREE,40985,2403
TREE,43818,2178
TREE,45185,3039
TREE,47165,2271
TREE,960,4580
TREE,2371,4717
TREE,4845,5051
TREE,6217,4441
TREE,9152,5018
TREE,10685,4322
TREE,12668,4958
TREE,15149,4905
TREE,17139,4215
TREE,18830,4517
TREE,20909,4864
TREE,22555,5051
TREE,25096,4852
TREE,26880,4501
TREE,28708,4742
TREE,31161,4670
TREE,33187,4707
TREE,35276,4204
TREE,37392,4320
TREE,39790,4410
TREE,41707,5102
TREE,43418,5020
TREE,45170,5087
TREE,47171,4482
TREE,979,6393
TREE,2980,6429
TREE,5045,6179
TREE,6970,6654
TREE,9016,7143
TREE,10470,6739
TREE,12659,7060
TREE,14644,6331
TREE,16390,6863
TREE,19212,6546
TREE,20496,6337
TREE,22594,6210
TREE,25098,6303
TREE,26815,6507
TREE,29151,6420
TREE,31169,6809
TREE,33789,6666
TREE,35524,6744
TREE,37812,6845
TREE,39508,6764
TREE,41931,6498
TREE,43189,6347
TREE,45911,6207
TREE,47257,7014
TREE,350,8983
TREE,2191,8540
TREE,4212,8319
TREE,6891,9006
TREE,8673,8252
TREE,10488,8627
TREE,12891,9122
TREE,14611,8207
TREE,17009,8771
TREE,19340,8889
TREE,21161,8748
TREE,22812,8351
TREE,25439,8840
TREE,26895,8662
TREE,28982,8217
TREE,31111,8252
TREE,32994,8462
TREE,35194,8736
TREE,37870,8809
TREE,38924,8241
TREE,41164,8374
TREE,43564,8333
TREE,45860,8608
TREE,47715,8625
TREE,91,10317
TREE,2107,10728
TREE,4878,10764
TREE,6411,10368
TREE,9177,10384
TREE,10548,10515
TREE,12955,10392
TREE,15257,11147
TREE,16675,11017
TREE,19280,11219
TREE,21233,10977
TREE,23359,10568
TREE,24792,10530
TREE,26946,10812
TREE,28725,10405
TREE,31254,10569
TREE,33058,11216
TREE,35228,10497
TREE,37117,11256
TREE,39771,10431
TREE,41472,10749
TREE,43888,10404
TREE,45542,10321
TREE,47374,10652
TREE,310,13000
TREE,2221,12297
TREE,4505,12775
TREE,6378,12953
TREE,8367,12311
TREE,10711,13069
TREE,12665,13030
TREE,15023,12305
TREE,16987,12876
TREE,19296,13171
TREE,20538,13084
TREE,23376,12886
TREE,24611,12432
TREE,26736,13194
TREE,29511,13257
TREE,31651,12418
TREE,33252,12981
TREE,35155,12615
TREE,37608,12876
TREE,39257,12904
TREE,41155,12301
TREE,43206,12473
TREE,45722,12654
TREE,48061,12474
TREE,867,15208
TREE,2059,14664
TREE,4151,14942
TREE,6954,14379
TREE,8645,14933
TREE,11062,14412
TREE,13259,15355
TREE,14424,14420
TREE,16608,14952
TREE,18940,14853
TREE,20829,14422
TREE,23454,14351
TREE,25431,15338
TREE,27401,15347
TREE,28760,14793
TREE,31077,14445
TREE,33725,14552
TREE,34930,14736
TREE,37824,14925
TREE,39154,14769
TREE,41335,14945
TREE,43346,14675
TREE,46048,14997
TREE,47783,14450
TREE,646,16818
TREE,2790,17192
TREE,4181,16572
TREE,6510,16586
TREE,8324,16456
TREE,10572,16957
TREE,12914,16933
TREE,14384,17317
TREE,16572,16471
TREE,19023,16787
TREE,21283,16815
TREE,23407,16808
TREE,25345,16512
TREE,26689,16490
TREE,28898,16872
TREE,31474,17096
TREE,32915,17376
TREE,35724,16510
TREE,37462,17211
TREE,39422,17235
TREE,41040,16861
TREE,43794,16514
TREE,45418,17382
TREE,47235,16782
TREE,251,18949
TREE,2093,19103
TREE,5083,19154
TREE,7126,19240
TREE,9187,19299
TREE,10383,18675
TREE,13040,18792
TREE,14340,18484
TREE,16597,19021
TREE,19316,19000
TREE,20655,19097
TREE,23280,18447
TREE,25007,18742
TREE,27293,18579
TREE,29606,19012
TREE,31314,19250
TREE,33625,19264
TREE,34936,19197
TREE,37013,19270
TREE,39604,18913
TREE,41541,19166
TREE,43335,19025
TREE,45208,19226
TREE,47845,18650
TREE,834,21340
TREE,2539,20624
TREE,4927,20904
TREE,6842,21009
TREE,8226,21417
TREE,11261,20791
TREE,12695,20922
TREE,15028,21104
TREE,16633,20915
TREE,18883,20992
TREE,20978,21424
TREE,22988,20797
TREE,24762,21000
TREE,27535,20746
TREE,29156,21216
TREE,31596,20597
TREE,33729,20623
TREE,35743,21202
TREE,37879,21282
TREE,39353,21111
TREE,41456,20659
TREE,43182,20960
TREE,46046,20860
TREE,47907,20730
TREE,388,23014
TREE,2316,23262
TREE,4774,22764
TREE,6406,23183
TREE,8309,22528
TREE,10711,22592
TREE,13034,23542
TREE,14483,23043
TREE,17079,23075
TREE,18771,23224
TREE,21502,23263
TREE,23325,23090
TREE,24689,22740
TREE,26817,22681
TREE,29124,22967
TREE,31564,23119
TREE,33536,23453
TREE,35661,22634
TREE,37106,23484
TREE,39849,22556
TREE,41462,23225
TREE,43997,22967
TREE,45832,23206
TREE,47673,23484
TREE,589,25527
TREE,2980,25051
TREE,4376,25004
TREE,6201,25276
TREE,8403,25257
TREE,10869,25200
TREE,12849,25278
TREE,14699,25164
TREE,16972,24774
TREE,19418,24891
TREE,20641,25192
TREE,22619,25451
TREE,25555,25295
TREE,26839,25475
TREE,29603,24660
TREE,31059,25315
TREE,32910,24642
TREE,35152,25325
TREE,37229,24895
TREE,39791,25138
TREE,41154,25095
TREE,43802,24892
TREE,45565,24864
TREE,47124,24764
TREE,339,27004
TREE,2133,26945
TREE,4140,27526
TREE,6891,27170
TREE,9020,27209
TREE,10712,26802
TREE,12696,27422
TREE,14849,27147
TREE,16938,27160
TREE,19218,26626
TREE,20761,27194
TREE,23384,26925
TREE,25215,26735
TREE,26757,27483
TREE,29529,27107
TREE,31509,27312
TREE,33335,27640
TREE,35169,27145
TREE,37496,27590
TREE,39215,26647
TREE,41414,26772
TREE,43504,27237
TREE,45980,27097
TREE,47230,27135
TREE,604,28994
TREE,2452,29383
TREE,4798,29591
TREE,6470,29030
TREE,8774,29271
TREE,10933,29256
TREE,12344,29454
TREE,15254,29142
TREE,17386,29421
TREE,18684,28998
TREE,21319,29203
TREE,22565,29537
TREE,25047,29034
TREE,26787,29271
TREE,29496,29562
TREE,31714,28989
TREE,33028,29050
TREE,35702,29691
TREE,37450,29200
TREE,39862,28977
TREE,41162,29085
TREE,43050,29553
TREE,45941,28987
TREE,47338,29073
TREE,874,31246
TREE,2953,31591
TREE,4106,31662
TREE,6738,31640
TREE,8776,31360
TREE,10434,31039
TREE,13223,30822
TREE,14978,30837
TREE,16404,31408
TREE,18791,30784
TREE,20559,31020
TREE,23151,31346
TREE,25091,31113
TREE,27104,30870
TREE,28904,31328
TREE,30913,31406
TREE,33049,31622
TREE,35060,31613
TREE,37131,31231
TREE,39854,31220
TREE,41219,30898
TREE,43755,30743
TREE,45391,31405
TREE,48059,31129
TREE,770,33479
TREE,2775,33150
TREE,4568,32788
TREE,7017,33146
TREE,8623,33460
TREE,10293,32849
TREE,12820,33647
TREE,14930,33107
TREE,17295,33323
TREE,19399,33670
TREE,21049,33578
TREE,22657,32970
TREE,25408,32890
TREE,27204,33523
TREE,29665,33603
TREE,31204,33765
TREE,33448,32876
TREE,34928,33084
TREE,36899,33379
TREE,39539,33211
TREE,41118,33408
TREE,43397,32826
TREE,45337,33016
TREE,47971,32900
TREE,901,35460
TREE,2953,35614
TREE,4662,35295
TREE,7049,35320
TREE,8476,35014
TREE,10452,35123
TREE,12497,35677
TREE,14527,34909
TREE,17257,34881
TREE,18958,35127
TREE,20705,35196
TREE,22817,35535
TREE,25201,35775
TREE,27411,35244
TREE,28738,35708
TREE,31307,35733
TREE,33367,35206
TREE,35441,35061
TREE,37693,35315
TREE,39695,35513
TREE,41028,35644
TREE,43138,35621
TREE,45117,35496
TREE,48004,35059
TREE,12,37500
TREE,2262,36957
TREE,4913,37773
TREE,6788,37881
TREE,8479,37014
TREE,10895,37448
TREE,12713,37630
TREE,15330,36986
TREE,16740,37323
TREE,18757,37778
TREE,21288,37654
TREE,23114,37045
TREE,25563,37523
TREE,27349,37731
TREE,29416,37521
TREE,30919,37097
TREE,32782,37027
TREE,35342,37209
TREE,37173,37386
TREE,39837,36946
TREE,41603,37674
TREE,43835,37692
TREE,45879,37037
TREE,47820,37769
TREE,811,38957
TREE,2755,39648
TREE,4241,39095
TREE,6583,39610
TREE,9001,39440
TREE,10987,39232
TREE,12777,39495
TREE,14709,39914
TREE,16619,39664
TREE,19382,39766
TREE,20617,39660
TREE,23323,39334
TREE,24736,39807
TREE,27274,39486
TREE,29114,39837
TREE,30784,39917
TREE,33226,39650
TREE,35006,38994
TREE,37236,39653
TREE,39593,39662
TREE,41824,39608
TREE,43216,39900
TREE,45751,39704
TREE,47784,39480
TREE,711,41669
TREE,2067,41686
TREE,5073,41838
TREE,6514,41787
TREE,8976,41082
TREE,10738,41855
TREE,12690,41627
TREE,14365,41729
TREE,16769,41627
TREE,19094,41585
TREE,20550,41133
TREE,23499,41907
TREE,24865,41349
TREE,26748,41184
TREE,29574,41703
TREE,31458,41705
TREE,32871,41087
TREE,35682,41315
TREE,37870,41428
TREE,39589,41769
TREE,41051,41507
TREE,43436,41279
TREE,45117,41581
TREE,47402,41898
TREE,797,43600
TREE,2819,43096
TREE,4914,43360
TREE,6312,43082
TREE,8813,43555
TREE,10714,43937
TREE,12467,43186
TREE,14936,43771
TREE,17058,43918
TREE,19149,43309
TREE,20865,43769
TREE,23347,43572
TREE,25045,43874
TREE,27411,43850
TREE,28871,43758
TREE,31128,43822
TREE,33761,43993
TREE,34851,43541
TREE,37494,43416
TREE,39475,43994
TREE,41847,43705
TREE,44002,43480
TREE,45951,43531
TREE,47512,43313
TREE,740,45381
TREE,2267,45992
TREE,4478,45872
TREE,7158,45651
TREE,8444,45577
TREE,11094,45188
TREE,12985,46006
TREE,14554,45728
TREE,17066,45437
TREE,18983,45848
TREE,21296,45967
TREE,22624,45529
TREE,25559,45158
TREE,27178,45815
TREE,28933,45573
TREE,31444,45779
TREE,33288,46038
TREE,35180,45117
TREE,37813,45585
TREE,39846,45485
TREE,41265,45377
TREE,43739,45961
TREE,45086,45873
TREE,47313,45991
TREE,751,47865
TREE,2611,47751
TREE,4690,47956
TREE,6153,47709
TREE,8735,47446
TREE,10639,48011
TREE,12479,47410
TREE,14909,47672
TREE,16715,47120
TREE,19338,47607
TREE,21503,47422
TREE,23467,47447
TREE,24650,47361
TREE,27533,48089
TREE,29412,47289
TREE,31058,47668
TREE,33200,47715
TREE,35747,47248
TREE,37558,47654
TREE,38968,47622
TREE,41372,47624
TREE,43971,48009
TREE,45355,47676
ZOMBIE,10028,10028,0
ZOMBIE,10540,10028,1
ZOMBIE,11052,10028,2
ZOMBIE,11564,10028,3
ZOMBIE,12076,10028,4
ZOMBIE,12588,10028,5
ZOMBIE,13100,10028,6
ZOMBIE,13612,10028,7
SKELETON,10028,10540,8
SKELETON,10540,10540,9
SKELETON,11052,10540,10
SKELETON,11564,10540,11
SKELETON,12076,10540,12
SKELETON,12588,10540,13
SKELETON,13100,10540,14
SKELETON,13612,10540,15
SKELETON,10028,11052,16
SKELETON,10540,11052,17
SKELETON,11052,11052,18
SKELETON,11564,11052,19
SKELETON,12076,11052,20
SKELETON,12588,11052,21
SKELETON,13100,11052,22
SKELETON,13612,11052,23
SKELETON,10028,11564,24
SKELETON,10540,11564,25
SKELETON,11052,11564,26
SKELETON,11564,11564,27
SKELETON,12076,11564,28
SKELETON,12588,11564,29
SKELETON,13100,11564,30
SKELETON,13612,11564,31
SKELETON,10028,12076,32
SKELETON,10540,12076,33
SKELETON,11052,12076,34
SKELETON,11564,12076,35
SKELETON,12076,12076,36
SKELETON,12588,12076,37
SKELETON,13100,12076,38
SKELETON,13612,12076,39
SKELETON,10028,12588,40
SKELETON,10540,12588,41
SKELETON,11052,12588,42
SKELETON,11564,12588,43
SKELETON,12076,12588,44
SKELETON,12588,12588,45
SKELETON,13100,12588,46
SKELETON,13612,12588,47
SKELETON,10028,13100,48
SKELETON,10540,13100,49
SKELETON,11052,13100,50
SKELETON,11564,13100,51
SKELETON,12076,13100,52
SKELETON,12588,13100,53
SKELETON,13100,13100,54
SKELETON,13612,13100,55
SKELETON,10028,13612,56
SKELETON,10540,13612,57
SKELETON,11052,13612,58
SKELETON,11564,13612,59
SKELETON,12076,13612,60
SKELETON,12588,13612,61
SKELETON,13100,13612,62
SKELETON,13612,13612,63
SKELETON,10028,14124,64
SKELETON,10540,14124,65
SKELETON,11052,14124,66
SKELETON,11564,14124,67
SKELETON,12076,14124,68
SKELETON,12588,14124,69
SKELETON,13100,14124,70
SKELETON,13612,14124,71
SKELETON,10028,14636,72
SKELETON,10540,14636,73
SKELETON,11052,14636,74
SKELETON,11564,14636,75
SKELETON,12076,14636,76
SKELETON,12588,14636,77
SKELETON,13100,14636,78
SKELETON,13612,14636,79
SKELETON,10028,15148,80
SKELETON,10540,15148,81
SKELETON,11052,15148,82
SKELETON,11564,15148,83
SKELETON,12076,15148,84
SKELETON,12588,15148,85
SKELETON,13100,15148,86
SKELETON,13612,15148,87
SKELETON,10028,15660,88
SKELETON,10540,15660,89
SKELETON,11052,15660,90
SKELETON,11564,15660,91
SKELETON,12076,15660,92
SKELETON,12588,15660,93
SKELETON,13100,15660,94
SKELETON,13612,15660,95
SKELETON,10028,16172,96
SKELETON,10540,16172,97
SKELETON,11052,16172,98
SKELETON,11564,16172,99
SKELETON,12076,16172,100
SKELETON,12588,16172,101
SKELETON,13100,16172,102
SKELETON,13612,16172,103
SKELETON,10028,16684,104
SKELETON,10540,16684,105
SKELETON,11052,16684,106
SKELETON,11564,16684,107
SKELETON,12076,16684,108
SKELETON,12588,16684,109
SKELETON,13100,16684,110
SKELETON,13612,16684,111
SKELETON,10028,17196,112
SKELETON,10540,17196,113
SKELETON,11052,17196,114
SKELETON,11564,17196,115
SKELETON,12076,17196,116
SKELETON,12588,17196,117
SKELETON,13100,17196,118
SKELETON,13612,17196,119
SKELETON,10028,17708,120
SKELETON,10540,17708,121
SKELETON,11052,17708,122
SKELETON,11564,17708,123
SKELETON,12076,17708,124
SKELETON,12588,17708,125
SKELETON,13100,17708,126
SKELETON,13612,17708,127
SKELETON,10028,18220,128
SKELETON,10540,18220,129
SKELETON,11052,18220,130
SKELETON,11564,18220,131
SKELETON,12076,18220,132
SKELETON,12588,18220,133
SKELETON,13100,18220,134
SKELETON,13612,18220,135
SKELETON,10028,18732,136
SKELETON,10540,18732,137
SKELETON,11052,18732,138
SKELETON,11564,18732,139
SKELETON,12076,18732,140
SKELETON,12588,18732,141
SKELETON,13100,18732,142
SKELETON,13612,18732,143
SKELETON,10028,19244,144
SKELETON,10540,19244,145
SKELETON,11052,19244,146
SKELETON,11564,19244,147
SKELETON,12076,19244,148
SKELETON,12588,19244,149
SKELETON,13100,19244,150
SKELETON,13612,19244,151
SKELETON,10028,19756,152
SKELETON,10540,19756,153
SKELETON,11052,19756,154
SKELETON,11564,19756,155
SKELETON,12076,19756,156
SKELETON,12588,19756,157
SKELETON,13100,19756,158
SKELETON,13612,19756,159
SKELETON,10028,20268,160
SKELETON,10540,20268,161
SKELETON,11052,20268,162
SKELETON,11564,20268,163
SKELETON,12076,20268,164
SKELETON,12588,20268,165
SKELETON,13100,20268,166
SKELETON,13612,20268,167
SKELETON,10028,20780,168
SKELETON,10540,20780,169
SKELETON,11052,20780,170
SKELETON,11564,20780,171
SKELETON,12076,20780,172
SKELETON,12588,20780,173
SKELETON,13100,20780,174
SKELETON,13612,20780,175
SKELETON,10028,21292,176
SKELETON,10540,21292,177
SKELETON,11052,21292,178
SKELETON,11564,21292,179
SKELETON,12076,21292,180
SKELETON,12588,21292,181
SKELETON,13100,21292,182
SKELETON,13612,21292,183
SKELETON,10028,21804,184
SKELETON,10540,21804,185
SKELETON,11052,21804,186
SKELETON,11564,21804,187
SKELETON,12076,21804,188
SKELETON,12588,21804,189
SKELETON,13100,21804,190
SKELETON,13612,21804,191
SKELETON,10028,22316,192
SKELETON,10540,22316,193
SKELETON,11052,22316,194
SKELETON,11564,22316,195
SKELETON,12076,22316,196
SKELETON,12588,22316,197
SKELETON,13100,22316,198
SKELETON,13612,22316,199
SKELETON,10028,22828,200
SKELETON,10540,22828,201
SKELETON,11052,22828,202
SKELETON,11564,22828,203
SKELETON,12076,22828,204
SKELETON,12588,22828,205
SKELETON,13100,22828,206
SKELETON,13612,22828,207
SKELETON,10028,23340,208
SKELETON,10540,23340,209
SKELETON,11052,23340,210
SKELETON,11564,23340,211
SKELETON,12076,23340,212
SKELETON,12588,23340,213
SKELETON,13100,23340,214
SKELETON,13612,23340,215
SKELETON,10028,23852,216
SKELETON,10540,23852,217
SKELETON,11052,23852,218
SKELETON,11564,23852,219
SKELETON,12076,23852,220
SKELETON,12588,23852,221
SKELETON,13100,23852,222
SKELETON,13612,23852,223
SKELETON,10028,24364,224
SKELETON,10540,24364,225
SKELETON,11052,24364,226
SKELETON,11564,24364,227
SKELETON,12076,24364,228
SKELETON,12588,24364,229
SKELETON,13100,24364,230
SKELETON,13612,24364,231
SKELETON,10028,24876,232
SKELETON,10540,24876,233
SKELETON,11052,24876,234
SKELETON,11564,24876,235
SKELETON,12076,24876,236
SKELETON,12588,24876,237
SKELETON,13100,24876,238
SKELETON,13612,24876,239
SKELETON,10028,25388,240
SKELETON,10540,25388,241
SKELETON,11052,25388,242
SKELETON,11564,25388,243
SKELETON,12076,25388,244
SKELETON,12588,25388,245
SKELETON,13100,25388,246
SKELETON,13612,25388,247
SKELETON,10028,25900,248
SKELETON,10540,25900,249
SKELETON,11052,25900,250
SKELETON,11564,25900,251
SKELETON,12076,25900,252
SKELETON,12588,25900,253
SKELETON,13100,25900,254
SKELETON,13612,25900,255
