HOPLITE_ATTACK_H0,2798,HOPLITE_ATTACK,0,0,90,90,45,63,1,1,None,A hoplite attacking
HOPLITE_ATTACK_H1,2799,HOPLITE_ATTACK,90,0,90,90,45,63,1,1,None,A hoplite attacking
HOPLITE_ATTACK_H2,2800,HOPLITE_ATTACK,180,0,90,90,45,63,1,1,None,A hoplite attacking
HOPLITE_ATTACK_H3,2801,HOPLITE_ATTACK,270,0,90,90,45,63,1,1,None,A hoplite attacking
HOPLITE_ATTACK_H4,2802,HOPLITE_ATTACK,360,0,90,90,45,63,1,1,None,A hoplite attacking
HOPLITE_ATTACK_H5,2803,HOPLITE_ATTACK,450,0,90,90,45,63,1,1,None,A hoplite attacking
HOPLITE_ATTACK_H6,2804,HOPLITE_ATTACK,540,0,90,90,45,63,1,1,None,A hoplite attacking
HOPLITE_ATTACK_H7,2805,HOPLITE_ATTACK,630,0,90,90,45,63,1,1,None,A hoplite attacking
HOPLITE_ATTACK_H8,2806,HOPLITE_ATTACK,720,0,90,90,45,63,1,1,None,A hoplite attacking
HOPLITE_ATTACK_H9,2807,HOPLITE_ATTACK,810,0,90,90,45,63,1,1,None,A hoplite attacking
HOPLITE_ATTACK_H10,2808,HOPLITE_ATTACK,900,0,90,90,45,63,1,1,None,A hoplite attacking
HOPLITE_ATTACK_H11,2809,HOPLITE_ATTACK,990,0,90,90,45,63,1,1,None,A hoplite attacking
HOPLITE_ATTACK_H12,2810,HOPLITE_ATTACK,1080,0,90,90,45,63,1,1,None,A hoplite attacking
HOPLITE_ATTACK_H13,2811,HOPLITE_ATTACK,1170,0,90,90,45,63,1,1,None,A hoplite attacking
HOPLITE_ATTACK_H14,2812,HOPLITE_ATTACK,1260,0,90,90,45,63,1,1,None,A hoplite attacking
HOPLITE_ATTACK_H15,2813,HOPLITE_ATTACK,1350,0,90,90,45,63,1,1,None,A hoplite attacking
HOPLITE_ATTACK_H16,2814,HOPLITE_ATTACK,1440,0,90,90,45,63,1,1,None,A hoplite attacking
HOPLITE_ATTACK_H17,2815,HOPLITE_ATTACK,1530,0,90,90,45,63,1,1,None,A hoplite attacking
HOPLITE_ATTACK_H18,2816,HOPLITE_ATTACK,1620,0,90,90,45,63,1,1,None,A hoplite attacking
HOPLITE_ATTACK_H19,2817,HOPLITE_ATTACK,1710,0,90,90,45,63,1,1,None,A hoplite attacking
HOPLITE_ATTACK_H20,2818,HOPLITE_ATTACK,1800,0,90,90,45,63,1,1,None,A hoplite attacking
HOPLITE_ATTACK_H21,2819,HOPLITE_ATTACK,1890,0,90,90,45,63,1,1,None,A hoplite attacking
HOPLITE_ATTACK_H22,2820,HOPLITE_ATTACK,1980,0,90,90,45,63,1,1,None,A hoplite attacking
HOPLITE_ATTACK_H23,2821,HOPLITE_ATTACK,2070,0,90,90,45,63,1,1,None,A hoplite attacking
HOPLITE_ATTACK_H24,2822,HOPLITE_ATTACK,2160,0,90,90,45,63,1,1,None,A hoplite attacking
HOPLITE_ATTACK_H25,2823,HOPLITE_ATTACK,2250,0,90,90,45,63,1,1,None,A hoplite attacking
HOPLITE_ATTACK_H26,2824,HOPLITE_ATTACK,2340,0,90,90,45,63,1,1,None,A hoplite attacking
HOPLITE_ATTACK_H27,2825,HOPLITE_ATTACK,2430,0,90,90,45,63,1,1,None,A hoplite attacking
HOPLITE_ATTACK_H28,2826,HOPLITE_ATTACK,2520,0,90,90,45,63,1,1,None,A hoplite attacking
HOPLITE_ATTACK_A0,2827,HOPLITE_ATTACK,0,90,90,90,45,63,1,1,None,A hoplite attacking
HOPLITE_ATTACK_A1,2828,HOPLITE_ATTACK,90,90,90,90,45,63,1,1,None,A hoplite attacking
HOPLITE_ATTACK_A2,2829,HOPLITE_ATTACK,180,90,90,90,45,63,1,1,None,A hoplite attacking
HOPLITE_ATTACK_A3,2830,HOPLITE_ATTACK,270,90,90,90,45,63,1,1,None,A hoplite attacking
HOPLITE_ATTACK_A4,2831,HOPLITE_ATTACK,360,90,90,90,45,63,1,1,None,A hoplite attacking
HOPLITE_ATTACK_A5,2832,HOPLITE_ATTACK,450,90,90,90,45,63,1,1,None,A hoplite attacking
HOPLITE_ATTACK_A6,2833,HOPLITE_ATTACK,540,90,90,90,45,63,1,1,None,A hoplite attacking
HOPLITE_ATTACK_A7,2834,HOPLITE_ATTACK,630,90,90,90,45,63,1,1,None,A hoplite attacking
HOPLITE_ATTACK_A8,2835,HOPLITE_ATTACK,720,90,90,90,45,63,1,1,None,A hoplite attacking
HOPLITE_ATTACK_A9,2836,HOPLITE_ATTACK,810,90,90,90,45,63,1,1,None,A hoplite attacking
HOPLITE_ATTACK_A10,2837,HOPLITE_ATTACK,900,90,90,90,45,63,1,1,None,A hoplite attacking
HOPLITE_ATTACK_A11,2838,HOPLITE_ATTACK,990,90,90,90,45,63,1,1,None,A hoplite attacking
HOPLITE_ATTACK_A12,2839,HOPLITE_ATTACK,1080,90,90,90,45,63,1,1,None,A hoplite attacking
HOPLITE_ATTACK_A13,2840,HOPLITE_ATTACK,1170,90,90,90,45,63,1,1,None,A hoplite attacking
HOPLITE_ATTACK_A14,2841,HOPLITE_ATTACK,1260,90,90,90,45,63,1,1,None,A hoplite attacking
HOPLITE_ATTACK_A15,2842,HOPLITE_ATTACK,1350,90,90,90,45,63,1,1,None,A hoplite attacking
HOPLITE_ATTACK_A16,2843,HOPLITE_ATTACK,1440,90,90,90,45,63,1,1,None,A hoplite attacking
HOPLITE_ATTACK_A17,2844,HOPLITE_ATTACK,1530,90,90,90,45,63,1,1,None,A hoplite attacking
HOPLITE_ATTACK_A18,2845,HOPLITE_ATTACK,1620,90,90,90,45,63,1,1,None,A hoplite attacking
HOPLITE_ATTACK_A19,2846,HOPLITE_ATTACK,1710,90,90,90,45,63,1,1,None,A hoplite attacking
HOPLITE_ATTACK_A20,2847,HOPLITE_ATTACK,1800,90,90,90,45,63,1,1,None,A hoplite attacking
HOPLITE_ATTACK_A21,2848,HOPLITE_ATTACK,1890,90,90,90,45,63,1,1,None,A hoplite attacking
HOPLITE_ATTACK_A22,2849,HOPLITE_ATTACK,1980,90,90,90,45,63,1,1,None,A hoplite attacking
HOPLITE_ATTACK_A23,2850,HOPLITE_ATTACK,2070,90,90,90,45,63,1,1,None,A hoplite attacking
HOPLITE_ATTACK_A24,2851,HOPLITE_ATTACK,2160,90,90,90,45,63,1,1,None,A hoplite attacking
HOPLITE_ATTACK_A25,2852,HOPLITE_ATTACK,2250,90,90,90,45,63,1,1,None,A hoplite attacking
HOPLITE_ATTACK_A26,2853,HOPLITE_ATTACK,2340,90,90,90,45,63,1,1,None,A hoplite attacking
HOPLITE_ATTACK_A27,2854,HOPLITE_ATTACK,2430,90,90,90,45,63,1,1,None,A hoplite attacking
HOPLITE_ATTACK_A28,2855,HOPLITE_ATTACK,2520,90,90,90,45,63,1,1,None,A hoplite attacking
HOPLITE_ATTACK_B0,2856,HOPLITE_ATTACK,0,180,90,90,45,63,1,1,None,A hoplite attacking
HOPLITE_ATTACK_B1,2857,HOPLITE_ATTACK,90,180,90,90,45,63,1,1,None,A hoplite attacking
HOPLITE_ATTACK_B2,2858,HOPLITE_ATTACK,180,180,90,90,45,63,1,1,None,A hoplite attacking
HOPLITE_ATTACK_B3,2859,HOPLITE_ATTACK,270,180,90,90,45,63,1,1,None,A hoplite attacking
HOPLITE_ATTACK_B4,2860,HOPLITE_ATTACK,360,180,90,90,45,63,1,1,None,A hoplite attacking
HOPLITE_ATTACK_B5,2861,HOPLITE_ATTACK,450,180,90,90,45,63,1,1,None,A hoplite attacking
HOPLITE_ATTACK_B6,2862,HOPLITE_ATTACK,540,180,90,90,45,63,1,1,None,A hoplite attacking
HOPLITE_ATTACK_B7,2863,HOPLITE_ATTACK,630,180,90,90,45,63,1,1,None,A hoplite attacking
HOPLITE_ATTACK_B8,2864,HOPLITE_ATTACK,720,180,90,90,45,63,1,1,None,A hoplite attacking
HOPLITE_ATTACK_B9,2865,HOPLITE_ATTACK,810,180,90,90,45,63,1,1,None,A hoplite attacking
HOPLITE_ATTACK_B10,2866,HOPLITE_ATTACK,900,180,90,90,45,63,1,1,None,A hoplite attacking
HOPLITE_ATTACK_B11,2867,HOPLITE_ATTACK,990,180,90,90,45,63,1,1,None,A hoplite attacking
HOPLITE_ATTACK_B12,2868,HOPLITE_ATTACK,1080,180,90,90,45,63,1,1,None,A hoplite attacking
HOPLITE_ATTACK_B13,2869,HOPLITE_ATTACK,1170,180,90,90,45,63,1,1,None,A hoplite attacking
HOPLITE_ATTACK_B14,2870,HOPLITE_ATTACK,1260,180,90,90,45,63,1,1,None,A hoplite attacking
HOPLITE_ATTACK_B15,2871,HOPLITE_ATTACK,1350,180,90,90,45,63,1,1,None,A hoplite attacking
HOPLITE_ATTACK_B16,2872,HOPLITE_ATTACK,1440,180,90,90,45,63,1,1,None,A hoplite attacking
HOPLITE_ATTACK_B17,2873,HOPLITE_ATTACK,1530,180,90,90,45,63,1,1,None,A hoplite attacking
HOPLITE_ATTACK_B18,2874,HOPLITE_ATTACK,1620,180,90,90,45,63,1,1,None,A hoplite attacking
HOPLITE_ATTACK_B19,2875,HOPLITE_ATTACK,1710,180,90,90,45,63,1,1,None,A hoplite attacking
HOPLITE_ATTACK_B20,2876,HOPLITE_ATTACK,1800,180,90,90,45,63,1,1,None,A hoplite attacking
HOPLITE_ATTACK_B21,2877,HOPLITE_ATTACK,1890,180,90,90,45,63,1,1,None,A hoplite attacking
HOPLITE_ATTACK_B22,2878,HOPLITE_ATTACK,1980,180,90,90,45,63,1,1,None,A hoplite attacking
HOPLITE_ATTACK_B23,2879,HOPLITE_ATTACK,2070,180,90,90,45,63,1,1,None,A hoplite attacking
HOPLITE_ATTACK_B24,2880,HOPLITE_ATTACK,2160,180,90,90,45,63,1,1,None,A hoplite attacking
HOPLITE_ATTACK_B25,2881,HOPLITE_ATTACK,2250,180,90,90,45,63,1,1,None,A hoplite attacking
HOPLITE_ATTACK_B26,2882,HOPLITE_ATTACK,2340,180,90,90,45,63,1,1,None,A hoplite attacking
HOPLITE_ATTACK_B27,2883,HOPLITE_ATTACK,2430,180,90,90,45,63,1,1,None,A hoplite attacking
HOPLITE_ATTACK_B28,2884,HOPLITE_ATTACK,2520,180,90,90,45,63,1,1,None,A hoplite attacking
HOPLITE_ATTACK_C0,2885,HOPLITE_ATTACK,0,270,90,90,45,63,1,1,None,A hoplite attacking
HOPLITE_ATTACK_C1,2886,HOPLITE_ATTACK,90,270,90,90,45,63,1,1,None,A hoplite attacking
HOPLITE_ATTACK_C2,2887,HOPLITE_ATTACK,180,270,90,90,45,63,1,1,None,A hoplite attacking
HOPLITE_ATTACK_C3,2888,HOPLITE_ATTACK,270,270,90,90,45,63,1,1,None,A hoplite attacking
HOPLITE_ATTACK_C4,2889,HOPLITE_ATTACK,360,270,90,90,45,63,1,1,None,A hoplite attacking
HOPLITE_ATTACK_C5,2890,HOPLITE_ATTACK,450,270,90,90,45,63,1,1,None,A hoplite attacking
HOPLITE_ATTACK_C6,2891,HOPLITE_ATTACK,540,270,90,90,45,63,1,1,None,A hoplite attacking
HOPLITE_ATTACK_C7,2892,HOPLITE_ATTACK,630,270,90,90,45,63,1,1,None,A hoplite attacking
HOPLITE_ATTACK_C8,2893,HOPLITE_ATTACK,720,270,90,90,45,63,1,1,None,A hoplite attacking
HOPLITE_ATTACK_C9,2894,HOPLITE_ATTACK,810,270,90,90,45,63,1,1,None,A hoplite attacking
HOPLITE_ATTACK_C10,2895,HOPLITE_ATTACK,900,270,90,90,45,63,1,1,None,A hoplite attacking
HOPLITE_ATTACK_C11,2896,HOPLITE_ATTACK,990,270,90,90,45,63,1,1,None,A hoplite attacking
HOPLITE_ATTACK_C12,2897,HOPLITE_ATTACK,1080,270,90,90,45,63,1,1,None,A hoplite attacking
HOPLITE_ATTACK_C13,2898,HOPLITE_ATTACK,1170,270,90,90,45,63,1,1,None,A hoplite attacking
HOPLITE_ATTACK_C14,2899,HOPLITE_ATTACK,1260,270,90,90,45,63,1,1,None,A hoplite attacking
HOPLITE_ATTACK_C15,2900,HOPLITE_ATTACK,1350,270,90,90,45,63,1,1,None,A hoplite attacking
HOPLITE_ATTACK_C16,2901,HOPLITE_ATTACK,1440,270,90,90,45,63,1,1,None,A hoplite attacking
HOPLITE_ATTACK_C17,2902,HOPLITE_ATTACK,1530,270,90,90,45,63,1,1,None,A hoplite attacking
HOPLITE_ATTACK_C18,2903,HOPLITE_ATTACK,1620,270,90,90,45,63,1,1,None,A hoplite attacking
HOPLITE_ATTACK_C19,2904,HOPLITE_ATTACK,1710,270,90,90,45,63,1,1,None,A hoplite attacking
HOPLITE_ATTACK_C20,2905,HOPLITE_ATTACK,1800,270,90,90,45,63,1,1,None,A hoplite attacking
HOPLITE_ATTACK_C21,2906,HOPLITE_ATTACK,1890,270,90,90,45,63,1,1,None,A hoplite attacking
HOPLITE_ATTACK_C22,2907,HOPLITE_ATTACK,1980,270,90,90,45,63,1,1,None,A hoplite attacking
HOPLITE_ATTACK_C23,2908,HOPLITE_ATTACK,2070,270,90,90,45,63,1,1,None,A hoplite attacking
HOPLITE_ATTACK_C24,2909,HOPLITE_ATTACK,2160,270,90,90,45,63,1,1,None,A hoplite attacking
HOPLITE_ATTACK_C25,2910,HOPLITE_ATTACK,2250,270,90,90,45,63,1,1,None,A hoplite attacking
HOPLITE_ATTACK_C26,2911,HOPLITE_ATTACK,2340,270,90,90,45,63,1,1,None,A hoplite attacking
HOPLITE_ATTACK_C27,2912,HOPLITE_ATTACK,2430,270,90,90,45,63,1,1,None,A hoplite attacking
HOPLITE_ATTACK_C28,2913,HOPLITE_ATTACK,2520,270,90,90,45,63,1,1,None,A hoplite attacking
HOPLITE_ATTACK_D0,2914,HOPLITE_ATTACK,0,360,90,90,45,63,1,1,None,A hoplite attacking
HOPLITE_ATTACK_D1,2915,HOPLITE_ATTACK,90,360,90,90,45,63,1,1,None,A hoplite attacking
HOPLITE_ATTACK_D2,2916,HOPLITE_ATTACK,180,360,90,90,45,63,1,1,None,A hoplite attacking
HOPLITE_ATTACK_D3,2917,HOPLITE_ATTACK,270,360,90,90,45,63,1,1,None,A hoplite attacking
HOPLITE_ATTACK_D4,2918,HOPLITE_ATTACK,360,360,90,90,45,63,1,1,None,A hoplite attacking
HOPLITE_ATTACK_D5,2919,HOPLITE_ATTACK,450,360,90,90,45,63,1,1,None,A hoplite attacking
HOPLITE_ATTACK_D6,2920,HOPLITE_ATTACK,540,360,90,90,45,63,1,1,None,A hoplite attacking
HOPLITE_ATTACK_D7,2921,HOPLITE_ATTACK,630,360,90,90,45,63,1,1,None,A hoplite attacking
HOPLITE_ATTACK_D8,2922,HOPLITE_ATTACK,720,360,90,90,45,63,1,1,None,A hoplite attacking
HOPLITE_ATTACK_D9,2923,HOPLITE_ATTACK,810,360,90,90,45,63,1,1,None,A hoplite attacking
HOPLITE_ATTACK_D10,2924,HOPLITE_ATTACK,900,360,90,90,45,63,1,1,None,A hoplite attacking
HOPLITE_ATTACK_D11,2925,HOPLITE_ATTACK,990,360,90,90,45,63,1,1,None,A hoplite attacking
HOPLITE_ATTACK_D12,2926,HOPLITE_ATTACK,1080,360,90,90,45,63,1,1,None,A hoplite attacking
HOPLITE_ATTACK_D13,2927,HOPLITE_ATTACK,1170,360,90,90,45,63,1,1,None,A hoplite attacking
HOPLITE_ATTACK_D14,2928,HOPLITE_ATTACK,1260,360,90,90,45,63,1,1,None,A hoplite attacking
HOPLITE_ATTACK_D15,2929,HOPLITE_ATTACK,1350,360,90,90,45,63,1,1,None,A hoplite attacking
HOPLITE_ATTACK_D16,2930,HOPLITE_ATTACK,1440,360,90,90,45,63,1,1,None,A hoplite attacking
HOPLITE_ATTACK_D17,2931,HOPLITE_ATTACK,1530,360,90,90,45,63,1,1,None,A hoplite attacking
HOPLITE_ATTACK_D18,2932,HOPLITE_ATTACK,1620,360,90,90,45,63,1,1,None,A hoplite attacking
HOPLITE_ATTACK_D19,2933,HOPLITE_ATTACK,1710,360,90,90,45,63,1,1,None,A hoplite attacking
HOPLITE_ATTACK_D20,2934,HOPLITE_ATTACK,1800,360,90,90,45,63,1,1,None,A hoplite attacking
HOPLITE_ATTACK_D21,2935,HOPLITE_ATTACK,1890,360,90,90,45,63,1,1,None,A hoplite attacking
HOPLITE_ATTACK_D22,2936,HOPLITE_ATTACK,1980,360,90,90,45,63,1,1,None,A hoplite attacking
HOPLITE_ATTACK_D23,2937,HOPLITE_ATTACK,2070,360,90,90,45,63,1,1,None,A hoplite attacking
HOPLITE_ATTACK_D24,2938,HOPLITE_ATTACK,2160,360,90,90,45,63,1,1,None,A hoplite attacking
HOPLITE_ATTACK_D25,2939,HOPLITE_ATTACK,2250,360,90,90,45,63,1,1,None,A hoplite attacking
HOPLITE_ATTACK_D26,2940,HOPLITE_ATTACK,2340,360,90,90,45,63,1,1,None,A hoplite attacking
HOPLITE_ATTACK_D27,2941,HOPLITE_ATTACK,2430,360,90,90,45,63,1,1,None,A hoplite attacking
HOPLITE_ATTACK_D28,2942,HOPLITE_ATTACK,2520,360,90,90,45,63,1,1,None,A hoplite attacking
HOPLITE_ATTACK_E0,2943,HOPLITE_ATTACK,0,450,90,90,45,63,1,1,None,A hoplite attacking
HOPLITE_ATTACK_E1,2944,HOPLITE_ATTACK,90,450,90,90,45,63,1,1,None,A hoplite attacking
HOPLITE_ATTACK_E2,2945,HOPLITE_ATTACK,180,450,90,90,45,63,1,1,None,A hoplite attacking
HOPLITE_ATTACK_E3,2946,HOPLITE_ATTACK,270,450,90,90,45,63,1,1,None,A hoplite attacking
HOPLITE_ATTACK_E4,2947,HOPLITE_ATTACK,360,450,90,90,45,63,1,1,None,A hoplite attacking
HOPLITE_ATTACK_E5,2948,HOPLITE_ATTACK,450,450,90,90,45,63,1,1,None,A hoplite attacking
HOPLITE_ATTACK_E6,2949,HOPLITE_ATTACK,540,450,90,90,45,63,1,1,None,A hoplite attacking
HOPLITE_ATTACK_E7,2950,HOPLITE_ATTACK,630,450,90,90,45,63,1,1,None,A hoplite attacking
HOPLITE_ATTACK_E8,2951,HOPLITE_ATTACK,720,450,90,90,45,63,1,1,None,A hoplite attacking
HOPLITE_ATTACK_E9,2952,HOPLITE_ATTACK,810,450,90,90,45,63,1,1,None,A hoplite attacking
HOPLITE_ATTACK_E10,2953,HOPLITE_ATTACK,900,450,90,90,45,63,1,1,None,A hoplite attacking
HOPLITE_ATTACK_E11,2954,HOPLITE_ATTACK,990,450,90,90,45,63,1,1,None,A hoplite attacking
HOPLITE_ATTACK_E12,2955,HOPLITE_ATTACK,1080,450,90,90,45,63,1,1,None,A hoplite attacking
HOPLITE_ATTACK_E13,2956,HOPLITE_ATTACK,1170,450,90,90,45,63,1,1,None,A hoplite attacking
HOPLITE_ATTACK_E14,2957,HOPLITE_ATTACK,1260,450,90,90,45,63,1,1,None,A hoplite attacking
HOPLITE_ATTACK_E15,2958,HOPLITE_ATTACK,1350,450,90,90,45,63,1,1,None,A hoplite attacking
HOPLITE_ATTACK_E16,2959,HOPLITE_ATTACK,1440,450,90,90,45,63,1,1,None,A hoplite attacking
HOPLITE_ATTACK_E17,2960,HOPLITE_ATTACK,1530,450,90,90,45,63,1,1,None,A hoplite attacking
HOPLITE_ATTACK_E18,2961,HOPLITE_ATTACK,1620,450,90,90,45,63,1,1,None,A hoplite attacking
HOPLITE_ATTACK_E19,2962,HOPLITE_ATTACK,1710,450,90,90,45,63,1,1,None,A hoplite attacking
HOPLITE_ATTACK_E20,2963,HOPLITE_ATTACK,1800,450,90,90,45,63,1,1,None,A hoplite attacking
HOPLITE_ATTACK_E21,2964,HOPLITE_ATTACK,1890,450,90,90,45,63,1,1,None,A hoplite attacking
HOPLITE_ATTACK_E22,2965,HOPLITE_ATTACK,1980,450,90,90,45,63,1,1,None,A hoplite attacking
HOPLITE_ATTACK_E23,2966,HOPLITE_ATTACK,2070,450,90,90,45,63,1,1,None,A hoplite attacking
HOPLITE_ATTACK_E24,2967,HOPLITE_ATTACK,2160,450,90,90,45,63,1,1,None,A hoplite attacking
HOPLITE_ATTACK_E25,2968,HOPLITE_ATTACK,2250,450,90,90,45,63,1,1,None,A hoplite attacking
HOPLITE_ATTACK_E26,2969,HOPLITE_ATTACK,2340,450,90,90,45,63,1,1,None,A hoplite attacking
HOPLITE_ATTACK_E27,2970,HOPLITE_ATTACK,2430,450,90,90,45,63,1,1,None,A hoplite attacking
HOPLITE_ATTACK_E28,2971,HOPLITE_ATTACK,2520,450,90,90,45,63,1,1,None,A hoplite attacking
HOPLITE_ATTACK_F0,2972,HOPLITE_ATTACK,0,540,90,90,45,63,1,1,None,A hoplite attacking
HOPLITE_ATTACK_F1,2973,HOPLITE_ATTACK,90,540,90,90,45,63,1,1,None,A hoplite attacking
HOPLITE_ATTACK_F2,2974,HOPLITE_ATTACK,180,540,90,90,45,63,1,1,None,A hoplite attacking
HOPLITE_ATTACK_F3,2975,HOPLITE_ATTACK,270,540,90,90,45,63,1,1,None,A hoplite attacking
HOPLITE_ATTACK_F4,2976,HOPLITE_ATTACK,360,540,90,90,45,63,1,1,None,A hoplite attacking
HOPLITE_ATTACK_F5,2977,HOPLITE_ATTACK,450,540,90,90,45,63,1,1,None,A hoplite attacking
HOPLITE_ATTACK_F6,2978,HOPLITE_ATTACK,540,540,90,90,45,63,1,1,None,A hoplite attacking
HOPLITE_ATTACK_F7,2979,HOPLITE_ATTACK,630,540,90,90,45,63,1,1,None,A hoplite attacking
HOPLITE_ATTACK_F8,2980,HOPLITE_ATTACK,720,540,90,90,45,63,1,1,None,A hoplite attacking
HOPLITE_ATTACK_F9,2981,HOPLITE_ATTACK,810,540,90,90,45,63,1,1,None,A hoplite attacking
HOPLITE_ATTACK_F10,2982,HOPLITE_ATTACK,900,540,90,90,45,63,1,1,None,A hoplite attacking
HOPLITE_ATTACK_F11,2983,HOPLITE_ATTACK,990,540,90,90,45,63,1,1,None,A hoplite attacking
HOPLITE_ATTACK_F12,2984,HOPLITE_ATTACK,1080,540,90,90,45,63,1,1,None,A hoplite attacking
HOPLITE_ATTACK_F13,2985,HOPLITE_ATTACK,1170,540,90,90,45,63,1,1,None,A hoplite attacking
HOPLITE_ATTACK_F14,2986,HOPLITE_ATTACK,1260,540,90,90,45,63,1,1,None,A hoplite attacking
HOPLITE_ATTACK_F15,2987,HOPLITE_ATTACK,1350,540,90,90,45,63,1,1,None,A hoplite attacking
HOPLITE_ATTACK_F16,2988,HOPLITE_ATTACK,1440,540,90,90,45,63,1,1,None,A hoplite attacking
HOPLITE_ATTACK_F17,2989,HOPLITE_ATTACK,1530,540,90,90,45,63,1,1,None,A hoplite attacking
HOPLITE_ATTACK_F18,2990,HOPLITE_ATTACK,1620,540,90,90,45,63,1,1,None,A hoplite attacking
HOPLITE_ATTACK_F19,2991,HOPLITE_ATTACK,1710,540,90,90,45,63,1,1,None,A hoplite attacking
HOPLITE_ATTACK_F20,2992,HOPLITE_ATTACK,1800,540,90,90,45,63,1,1,None,A hoplite attacking
HOPLITE_ATTACK_F21,2993,HOPLITE_ATTACK,1890,540,90,90,45,63,1,1,None,A hoplite attacking
HOPLITE_ATTACK_F22,2994,HOPLITE_ATTACK,1980,540,90,90,45,63,1,1,None,A hoplite attacking
HOPLITE_ATTACK_F23,2995,HOPLITE_ATTACK,2070,540,90,90,45,63,1,1,None,A hoplite attacking
HOPLITE_ATTACK_F24,2996,HOPLITE_ATTACK,2160,540,90,90,45,63,1,1,None,A hoplite attacking
HOPLITE_ATTACK_F25,2997,HOPLITE_ATTACK,2250,540,90,90,45,63,1,1,None,A hoplite attacking
HOPLITE_ATTACK_F26,2998,HOPLITE_ATTACK,2340,540,90,90,45,63,1,1,None,A hoplite attacking
HOPLITE_ATTACK_F27,2999,HOPLITE_ATTACK,2430,540,90,90,45,63,1,1,None,A hoplite attacking
HOPLITE_ATTACK_F28,3000,HOPLITE_ATTACK,2520,540,90,90,45,63,1,1,None,A hoplite attacking
HOPLITE_ATTACK_G0,3001,HOPLITE_ATTACK,0,630,90,90,45,63,1,1,None,A hoplite attacking
HOPLITE_ATTACK_G1,3002,HOPLITE_ATTACK,90,630,90,90,45,63,1,1,None,A hoplite attacking
HOPLITE_ATTACK_G2,3003,HOPLITE_ATTACK,180,630,90,90,45,63,1,1,None,A hoplite attacking
HOPLITE_ATTACK_G3,3004,HOPLITE_ATTACK,270,630,90,90,45,63,1,1,None,A hoplite attacking
HOPLITE_ATTACK_G4,3005,HOPLITE_ATTACK,360,630,90,90,45,63,1,1,None,A hoplite attacking
HOPLITE_ATTACK_G5,3006,HOPLITE_ATTACK,450,630,90,90,45,63,1,1,None,A hoplite attacking
HOPLITE_ATTACK_G6,3007,HOPLITE_ATTACK,540,630,90,90,45,63,1,1,None,A hoplite attacking
HOPLITE_ATTACK_G7,3008,HOPLITE_ATTACK,630,630,90,90,45,63,1,1,None,A hoplite attacking
HOPLITE_ATTACK_G8,3009,HOPLITE_ATTACK,720,630,90,90,45,63,1,1,None,A hoplite attacking
HOPLITE_ATTACK_G9,3010,HOPLITE_ATTACK,810,630,90,90,45,63,1,1,None,A hoplite attacking
HOPLITE_ATTACK_G10,3011,HOPLITE_ATTACK,900,630,90,90,45,63,1,1,None,A hoplite attacking
HOPLITE_ATTACK_G11,3012,HOPLITE_ATTACK,990,630,90,90,45,63,1,1,None,A hoplite attacking
HOPLITE_ATTACK_G12,3013,HOPLITE_ATTACK,1080,630,90,90,45,63,1,1,None,A hoplite attacking
HOPLITE_ATTACK_G13,3014,HOPLITE_ATTACK,1170,630,90,90,45,63,1,1,None,A hoplite attacking
HOPLITE_ATTACK_G14,3015,HOPLITE_ATTACK,1260,630,90,90,45,63,1,1,None,A hoplite attacking
HOPLITE_ATTACK_G15,3016,HOPLITE_ATTACK,1350,630,90,90,45,63,1,1,None,A hoplite attacking
HOPLITE_ATTACK_G16,3017,HOPLITE_ATTACK,1440,630,90,90,45,63,1,1,None,A hoplite attacking
HOPLITE_ATTACK_G17,3018,HOPLITE_ATTACK,1530,630,90,90,45,63,1,1,None,A hoplite attacking
HOPLITE_ATTACK_G18,3019,HOPLITE_ATTACK,1620,630,90,90,45,63,1,1,None,A hoplite attacking
HOPLITE_ATTACK_G19,3020,HOPLITE_ATTACK,1710,630,90,90,45,63,1,1,None,A hoplite attacking
HOPLITE_ATTACK_G20,3021,HOPLITE_ATTACK,1800,630,90,90,45,63,1,1,None,A hoplite attacking
HOPLITE_ATTACK_G21,3022,HOPLITE_ATTACK,1890,630,90,90,45,63,1,1,None,A hoplite attacking
HOPLITE_ATTACK_G22,3023,HOPLITE_ATTACK,1980,630,90,90,45,63,1,1,None,A hoplite attacking
HOPLITE_ATTACK_G23,3024,HOPLITE_ATTACK,2070,630,90,90,45,63,1,1,None,A hoplite attacking
HOPLITE_ATTACK_G24,3025,HOPLITE_ATTACK,2160,630,90,90,45,63,1,1,None,A hoplite attacking
HOPLITE_ATTACK_G25,3026,HOPLITE_ATTACK,2250,630,90,90,45,63,1,1,None,A hoplite attacking
HOPLITE_ATTACK_G26,3027,HOPLITE_ATTACK,2340,630,90,90,45,63,1,1,None,A hoplite attacking
HOPLITE_ATTACK_G27,3028,HOPLITE_ATTACK,2430,630,90,90,45,63,1,1,None,A hoplite attacking
HOPLITE_ATTACK_G28,3029,HOPLITE_ATTACK,2520,630,90,90,45,63,1,1,None,A hoplite attacking
