HOPLITE_WALK_H0,3028,HOPLITE_WALK,0,0,90,90,45,63,1,1,None,A hoplite walking
HOPLITE_WALK_H1,3029,HOPLITE_WALK,90,0,90,90,45,63,1,1,None,A hoplite walking
HOPLITE_WALK_H2,3030,HOPLITE_WALK,180,0,90,90,45,63,1,1,None,A hoplite walking
HOPLITE_WALK_H3,3031,HOPLITE_WALK,270,0,90,90,45,63,1,1,None,A hoplite walking
HOPLITE_WALK_H4,3032,HOPLITE_WALK,360,0,90,90,45,63,1,1,None,A hoplite walking
HOPLITE_WALK_H5,3033,HOPLITE_WALK,450,0,90,90,45,63,1,1,None,A hoplite walking
HOPLITE_WALK_H6,3034,HOPLITE_WALK,540,0,90,90,45,63,1,1,None,A hoplite walking
HOPLITE_WALK_H7,3035,HOPLITE_WALK,630,0,90,90,45,63,1,1,None,A hoplite walking
HOPLITE_WALK_H8,3036,HOPLITE_WALK,720,0,90,90,45,63,1,1,None,A hoplite walking
HOPLITE_WALK_H9,3037,HOPLITE_WALK,810,0,90,90,45,63,1,1,None,A hoplite walking
HOPLITE_WALK_H10,3038,HOPLITE_WALK,900,0,90,90,45,63,1,1,None,A hoplite walking
HOPLITE_WALK_H11,3039,HOPLITE_WALK,990,0,90,90,45,63,1,1,None,A hoplite walking
HOPLITE_WALK_H12,3040,HOPLITE_WALK,1080,0,90,90,45,63,1,1,None,A hoplite walking
HOPLITE_WALK_H13,3041,HOPLITE_WALK,1170,0,90,90,45,63,1,1,None,A hoplite walking
HOPLITE_WALK_H14,3042,HOPLITE_WALK,1260,0,90,90,45,63,1,1,None,A hoplite walking
HOPLITE_WALK_H15,3043,HOPLITE_WALK,1350,0,90,90,45,63,1,1,None,A hoplite walking
HOPLITE_WALK_H16,3044,HOPLITE_WALK,1440,0,90,90,45,63,1,1,None,A hoplite walking
HOPLITE_WALK_H17,3045,HOPLITE_WALK,1530,0,90,90,45,63,1,1,None,A hoplite walking
HOPLITE_WALK_H18,3046,HOPLITE_WALK,1620,0,90,90,45,63,1,1,None,A hoplite walking
HOPLITE_WALK_H19,3047,HOPLITE_WALK,1710,0,90,90,45,63,1,1,None,A hoplite walking
HOPLITE_WALK_H20,3048,HOPLITE_WALK,1800,0,90,90,45,63,1,1,None,A hoplite walking
HOPLITE_WALK_H21,3049,HOPLITE_WALK,1890,0,90,90,45,63,1,1,None,A hoplite walking
HOPLITE_WALK_H22,3050,HOPLITE_WALK,1980,0,90,90,45,63,1,1,None,A hoplite walking
HOPLITE_WALK_H23,3051,HOPLITE_WALK,2070,0,90,90,45,63,1,1,None,A hoplite walking
HOPLITE_WALK_H24,3052,HOPLITE_WALK,2160,0,90,90,45,63,1,1,None,A hoplite walking
HOPLITE_WALK_A0,3053,HOPLITE_WALK,0,90,90,90,45,63,1,1,None,A hoplite walking
HOPLITE_WALK_A1,3054,HOPLITE_WALK,90,90,90,90,45,63,1,1,None,A hoplite walking
HOPLITE_WALK_A2,3055,HOPLITE_WALK,180,90,90,90,45,63,1,1,None,A hoplite walking
HOPLITE_WALK_A3,3056,HOPLITE_WALK,270,90,90,90,45,63,1,1,None,A hoplite walking
HOPLITE_WALK_A4,3057,HOPLITE_WALK,360,90,90,90,45,63,1,1,None,A hoplite walking
HOPLITE_WALK_A5,3058,HOPLITE_WALK,450,90,90,90,45,63,1,1,None,A hoplite walking
HOPLITE_WALK_A6,3059,HOPLITE_WALK,540,90,90,90,45,63,1,1,None,A hoplite walking
HOPLITE_WALK_A7,3060,HOPLITE_WALK,630,90,90,90,45,63,1,1,None,A hoplite walking
HOPLITE_WALK_A8,3061,HOPLITE_WALK,720,90,90,90,45,63,1,1,None,A hoplite walking
HOPLITE_WALK_A9,3062,HOPLITE_WALK,810,90,90,90,45,63,1,1,None,A hoplite walking
HOPLITE_WALK_A10,3063,HOPLITE_WALK,900,90,90,90,45,63,1,1,None,A hoplite walking
HOPLITE_WALK_A11,3064,HOPLITE_WALK,990,90,90,90,45,63,1,1,None,A hoplite walking
HOPLITE_WALK_A12,3065,HOPLITE_WALK,1080,90,90,90,45,63,1,1,None,A hoplite walking
HOPLITE_WALK_A13,3066,HOPLITE_WALK,1170,90,90,90,45,63,1,1,None,A hoplite walking
HOPLITE_WALK_A14,3067,HOPLITE_WALK,1260,90,90,90,45,63,1,1,None,A hoplite walking
HOPLITE_WALK_A15,3068,HOPLITE_WALK,1350,90,90,90,45,63,1,1,None,A hoplite walking
HOPLITE_WALK_A16,3069,HOPLITE_WALK,1440,90,90,90,45,63,1,1,None,A hoplite walking
HOPLITE_WALK_A17,3070,HOPLITE_WALK,1530,90,90,90,45,63,1,1,None,A hoplite walking
HOPLITE_WALK_A18,3071,HOPLITE_WALK,1620,90,90,90,45,63,1,1,None,A hoplite walking
HOPLITE_WALK_A19,3072,HOPLITE_WALK,1710,90,90,90,45,63,1,1,None,A hoplite walking
HOPLITE_WALK_A20,3073,HOPLITE_WALK,1800,90,90,90,45,63,1,1,None,A hoplite walking
HOPLITE_WALK_A21,3074,HOPLITE_WALK,1890,90,90,90,45,63,1,1,None,A hoplite walking
HOPLITE_WALK_A22,3075,HOPLITE_WALK,1980,90,90,90,45,63,1,1,None,A hoplite walking
HOPLITE_WALK_A23,3076,HOPLITE_WALK,2070,90,90,90,45,63,1,1,None,A hoplite walking
HOPLITE_WALK_A24,3077,HOPLITE_WALK,2160,90,90,90,45,63,1,1,None,A hoplite walking
HOPLITE_WALK_B0,3078,HOPLITE_WALK,0,180,90,90,45,63,1,1,None,A hoplite walking
HOPLITE_WALK_B1,3079,HOPLITE_WALK,90,180,90,90,45,63,1,1,None,A hoplite walking
HOPLITE_WALK_B2,3080,HOPLITE_WALK,180,180,90,90,45,63,1,1,None,A hoplite walking
HOPLITE_WALK_B3,3081,HOPLITE_WALK,270,180,90,90,45,63,1,1,None,A hoplite walking
HOPLITE_WALK_B4,3082,HOPLITE_WALK,360,180,90,90,45,63,1,1,None,A hoplite walking
HOPLITE_WALK_B5,3083,HOPLITE_WALK,450,180,90,90,45,63,1,1,None,A hoplite walking
HOPLITE_WALK_B6,3084,HOPLITE_WALK,540,180,90,90,45,63,1,1,None,A hoplite walking
HOPLITE_WALK_B7,3085,HOPLITE_WALK,630,180,90,90,45,63,1,1,None,A hoplite walking
HOPLITE_WALK_B8,3086,HOPLITE_WALK,720,180,90,90,45,63,1,1,None,A hoplite walking
HOPLITE_WALK_B9,3087,HOPLITE_WALK,810,180,90,90,45,63,1,1,None,A hoplite walking
HOPLITE_WALK_B10,3088,HOPLITE_WALK,900,180,90,90,45,63,1,1,None,A hoplite walking
HOPLITE_WALK_B11,3089,HOPLITE_WALK,990,180,90,90,45,63,1,1,None,A hoplite walking
HOPLITE_WALK_B12,3090,HOPLITE_WALK,1080,180,90,90,45,63,1,1,None,A hoplite walking
HOPLITE_WALK_B13,3091,HOPLITE_WALK,1170,180,90,90,45,63,1,1,None,A hoplite walking
HOPLITE_WALK_B14,3092,HOPLITE_WALK,1260,180,90,90,45,63,1,1,None,A hoplite walking
HOPLITE_WALK_B15,3093,HOPLITE_WALK,1350,180,90,90,45,63,1,1,None,A hoplite walking
HOPLITE_WALK_B16,3094,HOPLITE_WALK,1440,180,90,90,45,63,1,1,None,A hoplite walking
HOPLITE_WALK_B17,3095,HOPLITE_WALK,1530,180,90,90,45,63,1,1,None,A hoplite walking
HOPLITE_WALK_B18,3096,HOPLITE_WALK,1620,180,90,90,45,63,1,1,None,A hoplite walking
HOPLITE_WALK_B19,3097,HOPLITE_WALK,1710,180,90,90,45,63,1,1,None,A hoplite walking
HOPLITE_WALK_B20,3098,HOPLITE_WALK,1800,180,90,90,45,63,1,1,None,A hoplite walking
HOPLITE_WALK_B21,3099,HOPLITE_WALK,1890,180,90,90,45,63,1,1,None,A hoplite walking
HOPLITE_WALK_B22,3100,HOPLITE_WALK,1980,180,90,90,45,63,1,1,None,A hoplite walking
HOPLITE_WALK_B23,3101,HOPLITE_WALK,2070,180,90,90,45,63,1,1,None,A hoplite walking
HOPLITE_WALK_B24,3102,HOPLITE_WALK,2160,180,90,90,45,63,1,1,None,A hoplite walking
HOPLITE_WALK_C0,3103,HOPLITE_WALK,0,270,90,90,45,63,1,1,None,A hoplite walking
HOPLITE_WALK_C1,3104,HOPLITE_WALK,90,270,90,90,45,63,1,1,None,A hoplite walking
HOPLITE_WALK_C2,3105,HOPLITE_WALK,180,270,90,90,45,63,1,1,None,A hoplite walking
HOPLITE_WALK_C3,3106,HOPLITE_WALK,270,270,90,90,45,63,1,1,None,A hoplite walking
HOPLITE_WALK_C4,3107,HOPLITE_WALK,360,270,90,90,45,63,1,1,None,A hoplite walking
HOPLITE_WALK_C5,3108,HOPLITE_WALK,450,270,90,90,45,63,1,1,None,A hoplite walking
HOPLITE_WALK_C6,3109,HOPLITE_WALK,540,270,90,90,45,63,1,1,None,A hoplite walking
HOPLITE_WALK_C7,3110,HOPLITE_WALK,630,270,90,90,45,63,1,1,None,A hoplite walking
HOPLITE_WALK_C8,3111,HOPLITE_WALK,720,270,90,90,45,63,1,1,None,A hoplite walking
HOPLITE_WALK_C9,3112,HOPLITE_WALK,810,270,90,90,45,63,1,1,None,A hoplite walking
HOPLITE_WALK_C10,3113,HOPLITE_WALK,900,270,90,90,45,63,1,1,None,A hoplite walking
HOPLITE_WALK_C11,3114,HOPLITE_WALK,990,270,90,90,45,63,1,1,None,A hoplite walking
HOPLITE_WALK_C12,3115,HOPLITE_WALK,1080,270,90,90,45,63,1,1,None,A hoplite walking
HOPLITE_WALK_C13,3116,HOPLITE_WALK,1170,270,90,90,45,63,1,1,None,A hoplite walking
HOPLITE_WALK_C14,3117,HOPLITE_WALK,1260,270,90,90,45,63,1,1,None,A hoplite walking
HOPLITE_WALK_C15,3118,HOPLITE_WALK,1350,270,90,90,45,63,1,1,None,A hoplite walking
HOPLITE_WALK_C16,3119,HOPLITE_WALK,1440,270,90,90,45,63,1,1,None,A hoplite walking
HOPLITE_WALK_C17,3120,HOPLITE_WALK,1530,270,90,90,45,63,1,1,None,A hoplite walking
HOPLITE_WALK_C18,3121,HOPLITE_WALK,1620,270,90,90,45,63,1,1,None,A hoplite walking
HOPLITE_WALK_C19,3122,HOPLITE_WALK,1710,270,90,90,45,63,1,1,None,A hoplite walking
HOPLITE_WALK_C20,3123,HOPLITE_WALK,1800,270,90,90,45,63,1,1,None,A hoplite walking
HOPLITE_WALK_C21,3124,HOPLITE_WALK,1890,270,90,90,45,63,1,1,None,A hoplite walking
HOPLITE_WALK_C22,3125,HOPLITE_WALK,1980,270,90,90,45,63,1,1,None,A hoplite walking
HOPLITE_WALK_C23,3126,HOPLITE_WALK,2070,270,90,90,45,63,1,1,None,A hoplite walking
HOPLITE_WALK_C24,3127,HOPLITE_WALK,2160,270,90,90,45,63,1,1,None,A hoplite walking
HOPLITE_WALK_D0,3128,HOPLITE_WALK,0,360,90,90,45,63,1,1,None,A hoplite walking
HOPLITE_WALK_D1,3129,HOPLITE_WALK,90,360,90,90,45,63,1,1,None,A hoplite walking
HOPLITE_WALK_D2,3130,HOPLITE_WALK,180,360,90,90,45,63,1,1,None,A hoplite walking
HOPLITE_WALK_D3,3131,HOPLITE_WALK,270,360,90,90,45,63,1,1,None,A hoplite walking
HOPLITE_WALK_D4,3132,HOPLITE_WALK,360,360,90,90,45,63,1,1,None,A hoplite walking
HOPLITE_WALK_D5,3133,HOPLITE_WALK,450,360,90,90,45,63,1,1,None,A hoplite walking
HOPLITE_WALK_D6,3134,HOPLITE_WALK,540,360,90,90,45,63,1,1,None,A hoplite walking
HOPLITE_WALK_D7,3135,HOPLITE_WALK,630,360,90,90,45,63,1,1,None,A hoplite walking
HOPLITE_WALK_D8,3136,HOPLITE_WALK,720,360,90,90,45,63,1,1,None,A hoplite walking
HOPLITE_WALK_D9,3137,HOPLITE_WALK,810,360,90,90,45,63,1,1,None,A hoplite walking
HOPLITE_WALK_D10,3138,HOPLITE_WALK,900,360,90,90,45,63,1,1,None,A hoplite walking
HOPLITE_WALK_D11,3139,HOPLITE_WALK,990,360,90,90,45,63,1,1,None,A hoplite walking
HOPLITE_WALK_D12,3140,HOPLITE_WALK,1080,360,90,90,45,63,1,1,None,A hoplite walking
HOPLITE_WALK_D13,3141,HOPLITE_WALK,1170,360,90,90,45,63,1,1,None,A hoplite walking
HOPLITE_WALK_D14,3142,HOPLITE_WALK,1260,360,90,90,45,63,1,1,None,A hoplite walking
HOPLITE_WALK_D15,3143,HOPLITE_WALK,1350,360,90,90,45,63,1,1,None,A hoplite walking
HOPLITE_WALK_D16,3144,HOPLITE_WALK,1440,360,90,90,45,63,1,1,None,A hoplite walking
HOPLITE_WALK_D17,3145,HOPLITE_WALK,1530,360,90,90,45,63,1,1,None,A hoplite walking
HOPLITE_WALK_D18,3146,HOPLITE_WALK,1620,360,90,90,45,63,1,1,None,A hoplite walking
HOPLITE_WALK_D19,3147,HOPLITE_WALK,1710,360,90,90,45,63,1,1,None,A hoplite walking
HOPLITE_WALK_D20,3148,HOPLITE_WALK,1800,360,90,90,45,63,1,1,None,A hoplite walking
HOPLITE_WALK_D21,3149,HOPLITE_WALK,1890,360,90,90,45,63,1,1,None,A hoplite walking
HOPLITE_WALK_D22,3150,HOPLITE_WALK,1980,360,90,90,45,63,1,1,None,A hoplite walking
HOPLITE_WALK_D23,3151,HOPLITE_WALK,2070,360,90,90,45,63,1,1,None,A hoplite walking
HOPLITE_WALK_D24,3152,HOPLITE_WALK,2160,360,90,90,45,63,1,1,None,A hoplite walking
HOPLITE_WALK_E0,3153,HOPLITE_WALK,0,450,90,90,45,63,1,1,None,A hoplite walking
HOPLITE_WALK_E1,3154,HOPLITE_WALK,90,450,90,90,45,63,1,1,None,A hoplite walking
HOPLITE_WALK_E2,3155,HOPLITE_WALK,180,450,90,90,45,63,1,1,None,A hoplite walking
HOPLITE_WALK_E3,3156,HOPLITE_WALK,270,450,90,90,45,63,1,1,None,A hoplite walking
HOPLITE_WALK_E4,3157,HOPLITE_WALK,360,450,90,90,45,63,1,1,None,A hoplite walking
HOPLITE_WALK_E5,3158,HOPLITE_WALK,450,450,90,90,45,63,1,1,None,A hoplite walking
HOPLITE_WALK_E6,3159,HOPLITE_WALK,540,450,90,90,45,63,1,1,None,A hoplite walking
HOPLITE_WALK_E7,3160,HOPLITE_WALK,630,450,90,90,45,63,1,1,None,A hoplite walking
HOPLITE_WALK_E8,3161,HOPLITE_WALK,720,450,90,90,45,63,1,1,None,A hoplite walking
HOPLITE_WALK_E9,3162,HOPLITE_WALK,810,450,90,90,45,63,1,1,None,A hoplite walking
HOPLITE_WALK_E10,3163,HOPLITE_WALK,900,450,90,90,45,63,1,1,None,A hoplite walking
HOPLITE_WALK_E11,3164,HOPLITE_WALK,990,450,90,90,45,63,1,1,None,A hoplite walking
HOPLITE_WALK_E12,3165,HOPLITE_WALK,1080,450,90,90,45,63,1,1,None,A hoplite walking
HOPLITE_WALK_E13,3166,HOPLITE_WALK,1170,450,90,90,45,63,1,1,None,A hoplite walking
HOPLITE_WALK_E14,3167,HOPLITE_WALK,1260,450,90,90,45,63,1,1,None,A hoplite walking
HOPLITE_WALK_E15,3168,HOPLITE_WALK,1350,450,90,90,45,63,1,1,None,A hoplite walking
HOPLITE_WALK_E16,3169,HOPLITE_WALK,1440,450,90,90,45,63,1,1,None,A hoplite walking
HOPLITE_WALK_E17,3170,HOPLITE_WALK,1530,450,90,90,45,63,1,1,None,A hoplite walking
HOPLITE_WALK_E18,3171,HOPLITE_WALK,1620,450,90,90,45,63,1,1,None,A hoplite walking
HOPLITE_WALK_E19,3172,HOPLITE_WALK,1710,450,90,90,45,63,1,1,None,A hoplite walking
HOPLITE_WALK_E20,3173,HOPLITE_WALK,1800,450,90,90,45,63,1,1,None,A hoplite walking
HOPLITE_WALK_E21,3174,HOPLITE_WALK,1890,450,90,90,45,63,1,1,None,A hoplite walking
HOPLITE_WALK_E22,3175,HOPLITE_WALK,1980,450,90,90,45,63,1,1,None,A hoplite walking
HOPLITE_WALK_E23,3176,HOPLITE_WALK,2070,450,90,90,45,63,1,1,None,A hoplite walking
HOPLITE_WALK_E24,3177,HOPLITE_WALK,2160,450,90,90,45,63,1,1,None,A hoplite walking
HOPLITE_WALK_F0,3178,HOPLITE_WALK,0,540,90,90,45,63,1,1,None,A hoplite walking
HOPLITE_WALK_F1,3179,HOPLITE_WALK,90,540,90,90,45,63,1,1,None,A hoplite walking
HOPLITE_WALK_F2,3180,HOPLITE_WALK,180,540,90,90,45,63,1,1,None,A hoplite walking
HOPLITE_WALK_F3,3181,HOPLITE_WALK,270,540,90,90,45,63,1,1,None,A hoplite walking
HOPLITE_WALK_F4,3182,HOPLITE_WALK,360,540,90,90,45,63,1,1,None,A hoplite walking
HOPLITE_WALK_F5,3183,HOPLITE_WALK,450,540,90,90,45,63,1,1,None,A hoplite walking
HOPLITE_WALK_F6,3184,HOPLITE_WALK,540,540,90,90,45,63,1,1,None,A hoplite walking
HOPLITE_WALK_F7,3185,HOPLITE_WALK,630,540,90,90,45,63,1,1,None,A hoplite walking
HOPLITE_WALK_F8,3186,HOPLITE_WALK,720,540,90,90,45,63,1,1,None,A hoplite walking
HOPLITE_WALK_F9,3187,HOPLITE_WALK,810,540,90,90,45,63,1,1,None,A hoplite walking
HOPLITE_WALK_F10,3188,HOPLITE_WALK,900,540,90,90,45,63,1,1,None,A hoplite walking
HOPLITE_WALK_F11,3189,HOPLITE_WALK,990,540,90,90,45,63,1,1,None,A hoplite walking
HOPLITE_WALK_F12,3190,HOPLITE_WALK,1080,540,90,90,45,63,1,1,None,A hoplite walking
HOPLITE_WALK_F13,3191,HOPLITE_WALK,1170,540,90,90,45,63,1,1,None,A hoplite walking
HOPLITE_WALK_F14,3192,HOPLITE_WALK,1260,540,90,90,45,63,1,1,None,A hoplite walking
HOPLITE_WALK_F15,3193,HOPLITE_WALK,1350,540,90,90,45,63,1,1,None,A hoplite walking
HOPLITE_WALK_F16,3194,HOPLITE_WALK,1440,540,90,90,45,63,1,1,None,A hoplite walking
HOPLITE_WALK_F17,3195,HOPLITE_WALK,1530,540,90,90,45,63,1,1,None,A hoplite walking
HOPLITE_WALK_F18,3196,HOPLITE_WALK,1620,540,90,90,45,63,1,1,None,A hoplite walking
HOPLITE_WALK_F19,3197,HOPLITE_WALK,1710,540,90,90,45,63,1,1,None,A hoplite walking
HOPLITE_WALK_F20,3198,HOPLITE_WALK,1800,540,90,90,45,63,1,1,None,A hoplite walking
HOPLITE_WALK_F21,3199,HOPLITE_WALK,1890,540,90,90,45,63,1,1,None,A hoplite walking
HOPLITE_WALK_F22,3200,HOPLITE_WALK,1980,540,90,90,45,63,1,1,None,A hoplite walking
HOPLITE_WALK_F23,3201,HOPLITE_WALK,2070,540,90,90,45,63,1,1,None,A hoplite walking
HOPLITE_WALK_F24,3202,HOPLITE_WALK,2160,540,90,90,45,63,1,1,None,A hoplite walking
HOPLITE_WALK_G0,3203,HOPLITE_WALK,0,630,90,90,45,63,1,1,None,A hoplite walking
HOPLITE_WALK_G1,3204,HOPLITE_WALK,90,630,90,90,45,63,1,1,None,A hoplite walking
HOPLITE_WALK_G2,3205,HOPLITE_WALK,180,630,90,90,45,63,1,1,None,A hoplite walking
HOPLITE_WALK_G3,3206,HOPLITE_WALK,270,630,90,90,45,63,1,1,None,A hoplite walking
HOPLITE_WALK_G4,3207,HOPLITE_WALK,360,630,90,90,45,63,1,1,None,A hoplite walking
HOPLITE_WALK_G5,3208,HOPLITE_WALK,450,630,90,90,45,63,1,1,None,A hoplite walking
HOPLITE_WALK_G6,3209,HOPLITE_WALK,540,630,90,90,45,63,1,1,None,A hoplite walking
HOPLITE_WALK_G7,3210,HOPLITE_WALK,630,630,90,90,45,63,1,1,None,A hoplite walking
HOPLITE_WALK_G8,3211,HOPLITE_WALK,720,630,90,90,45,63,1,1,None,A hoplite walking
HOPLITE_WALK_G9,3212,HOPLITE_WALK,810,630,90,90,45,63,1,1,None,A hoplite walking
HOPLITE_WALK_G10,3213,HOPLITE_WALK,900,630,90,90,45,63,1,1,None,A hoplite walking
HOPLITE_WALK_G11,3214,HOPLITE_WALK,990,630,90,90,45,63,1,1,None,A hoplite walking
HOPLITE_WALK_G12,3215,HOPLITE_WALK,1080,630,90,90,45,63,1,1,None,A hoplite walking
HOPLITE_WALK_G13,3216,HOPLITE_WALK,1170,630,90,90,45,63,1,1,None,A hoplite walking
HOPLITE_WALK_G14,3217,HOPLITE_WALK,1260,630,90,90,45,63,1,1,None,A hoplite walking
HOPLITE_WALK_G15,3218,HOPLITE_WALK,1350,630,90,90,45,63,1,1,None,A hoplite walking
HOPLITE_WALK_G16,3219,HOPLITE_WALK,1440,630,90,90,45,63,1,1,None,A hoplite walking
HOPLITE_WALK_G17,3220,HOPLITE_WALK,1530,630,90,90,45,63,1,1,None,A hoplite walking
HOPLITE_WALK_G18,3221,HOPLITE_WALK,1620,630,90,90,45,63,1,1,None,A hoplite walking
HOPLITE_WALK_G19,3222,HOPLITE_WALK,1710,630,90,90,45,63,1,1,None,A hoplite walking
HOPLITE_WALK_G20,3223,HOPLITE_WALK,1800,630,90,90,45,63,1,1,None,A hoplite walking
HOPLITE_WALK_G21,3224,HOPLITE_WALK,1890,630,90,90,45,63,1,1,None,A hoplite walking
HOPLITE_WALK_G22,3225,HOPLITE_WALK,1980,630,90,90,45,63,1,1,None,A hoplite walking
HOPLITE_WALK_G23,3226,HOPLITE_WALK,2070,630,90,90,45,63,1,1,None,A hoplite walking
HOPLITE_WALK_G24,3227,HOPLITE_WALK,2160,630,90,90,45,63,1,1,None,A hoplite walking
