LEGION_DEATH_H0,1886,LEGION_DEATH,0,0,90,60,45,48,1,1,None,a legionary dying
LEGION_DEATH_H1,1887,LEGION_DEATH,90,0,90,60,45,48,1,1,None,a legionary dying
LEGION_DEATH_H2,1888,LEGION_DEATH,180,0,90,60,45,48,1,1,None,a legionary dying
LEGION_DEATH_H3,1889,LEGION_DEATH,270,0,90,60,45,48,1,1,None,a legionary dying
LEGION_DEATH_H4,1890,LEGION_DEATH,360,0,90,60,45,48,1,1,None,a legionary dying
LEGION_DEATH_H5,1891,LEGION_DEATH,450,0,90,60,45,48,1,1,None,a legionary dying
LEGION_DEATH_H6,1892,LEGION_DEATH,540,0,90,60,45,48,1,1,None,a legionary dying
LEGION_DEATH_H7,1893,LEGION_DEATH,630,0,90,60,45,48,1,1,None,a legionary dying
LEGION_DEATH_H8,1894,LEGION_DEATH,720,0,90,60,45,48,1,1,None,a legionary dying
LEGION_DEATH_H9,1895,LEGION_DEATH,810,0,90,60,45,48,1,1,None,a legionary dying
LEGION_DEATH_H10,1896,LEGION_DEATH,900,0,90,60,45,48,1,1,None,a legionary dying
LEGION_DEATH_H11,1897,LEGION_DEATH,990,0,90,60,45,48,1,1,None,a legionary dying
LEGION_DEATH_H12,1898,LEGION_DEATH,1080,0,90,60,45,48,1,1,None,a legionary dying
LEGION_DEATH_H13,1899,LEGION_DEATH,1170,0,90,60,45,48,1,1,None,a legionary dying
LEGION_DEATH_H14,1900,LEGION_DEATH,1260,0,90,60,45,48,1,1,None,a legionary dying
LEGION_DEATH_H15,1901,LEGION_DEATH,1350,0,90,60,45,48,1,1,None,a legionary dying
LEGION_DEATH_H16,1902,LEGION_DEATH,1440,0,90,60,45,48,1,1,None,a legionary dying
LEGION_DEATH_H17,1903,LEGION_DEATH,1530,0,90,60,45,48,1,1,None,a legionary dying
LEGION_DEATH_H18,1904,LEGION_DEATH,1620,0,90,60,45,48,1,1,None,a legionary dying
LEGION_DEATH_H19,1905,LEGION_DEATH,1710,0,90,60,45,48,1,1,None,a legionary dying
LEGION_DEATH_H20,1906,LEGION_DEATH,1800,0,90,60,45,48,1,1,None,a legionary dying
LEGION_DEATH_H21,1907,LEGION_DEATH,1890,0,90,60,45,48,1,1,None,a legionary dying
LEGION_DEATH_H22,1908,LEGION_DEATH,1980,0,90,60,45,48,1,1,None,a legionary dying
LEGION_DEATH_H23,1909,LEGION_DEATH,2070,0,90,60,45,48,1,1,None,a legionary dying
LEGION_DEATH_H24,1910,LEGION_DEATH,2160,0,90,60,45,48,1,1,None,a legionary dying
LEGION_DEATH_H25,1911,LEGION_DEATH,2250,0,90,60,45,48,1,1,None,a legionary dying
LEGION_DEATH_H26,1912,LEGION_DEATH,2340,0,90,60,45,48,1,1,None,a legionary dying
LEGION_DEATH_H27,1913,LEGION_DEATH,2430,0,90,60,45,48,1,1,None,a legionary dying
LEGION_DEATH_H28,1914,LEGION_DEATH,2520,0,90,60,45,48,1,1,None,a legionary dying
LEGION_DEATH_H29,1915,LEGION_DEATH,2610,0,90,60,45,48,1,1,None,a legionary dying
LEGION_DEATH_H30,1916,LEGION_DEATH,2700,0,90,60,45,48,1,1,None,a legionary dying
LEGION_DEATH_H31,1917,LEGION_DEATH,2790,0,90,60,45,48,1,1,None,a legionary dying
LEGION_DEATH_H32,1918,LEGION_DEATH,2880,0,90,60,45,48,1,1,None,a legionary dying
LEGION_DEATH_H33,1919,LEGION_DEATH,2970,0,90,60,45,48,1,1,None,a legionary dying
LEGION_DEATH_H34,1920,LEGION_DEATH,3060,0,90,60,45,48,1,1,None,a legionary dying
LEGION_DEATH_H35,1921,LEGION_DEATH,3150,0,90,60,45,48,1,1,None,a legionary dying
LEGION_DEATH_H36,1922,LEGION_DEATH,3240,0,90,60,45,48,1,1,None,a legionary dying
LEGION_DEATH_H37,1923,LEGION_DEATH,3330,0,90,60,45,48,1,1,None,a legionary dying
LEGION_DEATH_H38,1924,LEGION_DEATH,3420,0,90,60,45,48,1,1,None,a legionary dying
LEGION_DEATH_H39,1925,LEGION_DEATH,3510,0,90,60,45,48,1,1,None,a legionary dying
LEGION_DEATH_H40,1926,LEGION_DEATH,3600,0,90,60,45,48,1,1,None,a legionary dying
LEGION_DEATH_H41,1927,LEGION_DEATH,3690,0,90,60,45,48,1,1,None,a legionary dying
LEGION_DEATH_H42,1928,LEGION_DEATH,3780,0,90,60,45,48,1,1,None,a legionary dying
LEGION_DEATH_H43,1929,LEGION_DEATH,3870,0,90,60,45,48,1,1,None,a legionary dying
LEGION_DEATH_H44,1930,LEGION_DEATH,3960,0,90,60,45,48,1,1,None,a legionary dying
LEGION_DEATH_H45,1931,LEGION_DEATH,4050,0,90,60,45,48,1,1,None,a legionary dying
LEGION_DEATH_H46,1932,LEGION_DEATH,4140,0,90,60,45,48,1,1,None,a legionary dying
LEGION_DEATH_H47,1933,LEGION_DEATH,4230,0,90,60,45,48,1,1,None,a legionary dying
LEGION_DEATH_H48,1934,LEGION_DEATH,4320,0,90,60,45,48,1,1,None,a legionary dying
LEGION_DEATH_H49,1935,LEGION_DEATH,4410,0,90,60,45,48,1,1,None,a legionary dying
LEGION_DEATH_H50,1936,LEGION_DEATH,4500,0,90,60,45,48,1,1,None,a legionary dying
LEGION_DEATH_H51,1937,LEGION_DEATH,4590,0,90,60,45,48,1,1,None,a legionary dying
LEGION_DEATH_H52,1938,LEGION_DEATH,4680,0,90,60,45,48,1,1,None,a legionary dying
LEGION_DEATH_H53,1939,LEGION_DEATH,4770,0,90,60,45,48,1,1,None,a legionary dying
LEGION_DEATH_H54,1940,LEGION_DEATH,4860,0,90,60,45,48,1,1,None,a legionary dying
LEGION_DEATH_H55,1941,LEGION_DEATH,4950,0,90,60,45,48,1,1,None,a legionary dying
LEGION_DEATH_H56,1942,LEGION_DEATH,5040,0,90,60,45,48,1,1,None,a legionary dying
LEGION_DEATH_H57,1943,LEGION_DEATH,5130,0,90,60,45,48,1,1,None,a legionary dying
LEGION_DEATH_H58,1944,LEGION_DEATH,5220,0,90,60,45,48,1,1,None,a legionary dying
LEGION_DEATH_H59,1945,LEGION_DEATH,5310,0,90,60,45,48,1,1,None,a legionary dying
LEGION_DEATH_H60,1946,LEGION_DEATH,5400,0,90,60,45,48,1,1,None,a legionary dying
LEGION_DEATH_H61,1947,LEGION_DEATH,5490,0,90,60,45,48,1,1,None,a legionary dying
LEGION_DEATH_H62,1948,LEGION_DEATH,5580,0,90,60,45,48,1,1,None,a legionary dying
LEGION_DEATH_H63,1949,LEGION_DEATH,5670,0,90,60,45,48,1,1,None,a legionary dying
LEGION_DEATH_H64,1950,LEGION_DEATH,5760,0,90,60,45,48,1,1,None,a legionary dying
LEGION_DEATH_H65,1951,LEGION_DEATH,5850,0,90,60,45,48,1,1,None,a legionary dying
LEGION_DEATH_H66,1952,LEGION_DEATH,5940,0,90,60,45,48,1,1,None,a legionary dying
LEGION_DEATH_H67,1953,LEGION_DEATH,6030,0,90,60,45,48,1,1,None,a legionary dying
LEGION_DEATH_H68,1954,LEGION_DEATH,6120,0,90,60,45,48,1,1,None,a legionary dying
LEGION_DEATH_H69,1955,LEGION_DEATH,6210,0,90,60,45,48,1,1,None,a legionary dying
LEGION_DEATH_H70,1956,LEGION_DEATH,6300,0,90,60,45,48,1,1,None,a legionary dying
LEGION_DEATH_H71,1957,LEGION_DEATH,6390,0,90,60,45,48,1,1,None,a legionary dying
LEGION_DEATH_H72,1958,LEGION_DEATH,6480,0,90,60,45,48,1,1,None,a legionary dying
LEGION_DEATH_H73,1959,LEGION_DEATH,6570,0,90,60,45,48,1,1,None,a legionary dying
LEGION_DEATH_H74,1960,LEGION_DEATH,6660,0,90,60,45,48,1,1,None,a legionary dying
LEGION_DEATH_H75,1961,LEGION_DEATH,6750,0,90,60,45,48,1,1,None,a legionary dying
LEGION_DEATH_A0,1962,LEGION_DEATH,0,60,90,60,45,48,1,1,None,a legionary dying
LEGION_DEATH_A1,1963,LEGION_DEATH,90,60,90,60,45,48,1,1,None,a legionary dying
LEGION_DEATH_A2,1964,LEGION_DEATH,180,60,90,60,45,48,1,1,None,a legionary dying
LEGION_DEATH_A3,1965,LEGION_DEATH,270,60,90,60,45,48,1,1,None,a legionary dying
LEGION_DEATH_A4,1966,LEGION_DEATH,360,60,90,60,45,48,1,1,None,a legionary dying
LEGION_DEATH_A5,1967,LEGION_DEATH,450,60,90,60,45,48,1,1,None,a legionary dying
LEGION_DEATH_A6,1968,LEGION_DEATH,540,60,90,60,45,48,1,1,None,a legionary dying
LEGION_DEATH_A7,1969,LEGION_DEATH,630,60,90,60,45,48,1,1,None,a legionary dying
LEGION_DEATH_A8,1970,LEGION_DEATH,720,60,90,60,45,48,1,1,None,a legionary dying
LEGION_DEATH_A9,1971,LEGION_DEATH,810,60,90,60,45,48,1,1,None,a legionary dying
LEGION_DEATH_A10,1972,LEGION_DEATH,900,60,90,60,45,48,1,1,None,a legionary dying
LEGION_DEATH_A11,1973,LEGION_DEATH,990,60,90,60,45,48,1,1,None,a legionary dying
LEGION_DEATH_A12,1974,LEGION_DEATH,1080,60,90,60,45,48,1,1,None,a legionary dying
LEGION_DEATH_A13,1975,LEGION_DEATH,1170,60,90,60,45,48,1,1,None,a legionary dying
LEGION_DEATH_A14,1976,LEGION_DEATH,1260,60,90,60,45,48,1,1,None,a legionary dying
LEGION_DEATH_A15,1977,LEGION_DEATH,1350,60,90,60,45,48,1,1,None,a legionary dying
LEGION_DEATH_A16,1978,LEGION_DEATH,1440,60,90,60,45,48,1,1,None,a legionary dying
LEGION_DEATH_A17,1979,LEGION_DEATH,1530,60,90,60,45,48,1,1,None,a legionary dying
LEGION_DEATH_A18,1980,LEGION_DEATH,1620,60,90,60,45,48,1,1,None,a legionary dying
LEGION_DEATH_A19,1981,LEGION_DEATH,1710,60,90,60,45,48,1,1,None,a legionary dying
LEGION_DEATH_A20,1982,LEGION_DEATH,1800,60,90,60,45,48,1,1,None,a legionary dying
LEGION_DEATH_A21,1983,LEGION_DEATH,1890,60,90,60,45,48,1,1,None,a legionary dying
LEGION_DEATH_A22,1984,LEGION_DEATH,1980,60,90,60,45,48,1,1,None,a legionary dying
LEGION_DEATH_A23,1985,LEGION_DEATH,2070,60,90,60,45,48,1,1,None,a legionary dying
LEGION_DEATH_A24,1986,LEGION_DEATH,2160,60,90,60,45,48,1,1,None,a legionary dying
LEGION_DEATH_A25,1987,LEGION_DEATH,2250,60,90,60,45,48,1,1,None,a legionary dying
LEGION_DEATH_A26,1988,LEGION_DEATH,2340,60,90,60,45,48,1,1,None,a legionary dying
LEGION_DEATH_A27,1989,LEGION_DEATH,2430,60,90,60,45,48,1,1,None,a legionary dying
LEGION_DEATH_A28,1990,LEGION_DEATH,2520,60,90,60,45,48,1,1,None,a legionary dying
LEGION_DEATH_A29,1991,LEGION_DEATH,2610,60,90,60,45,48,1,1,None,a legionary dying
LEGION_DEATH_A30,1992,LEGION_DEATH,2700,60,90,60,45,48,1,1,None,a legionary dying
LEGION_DEATH_A31,1993,LEGION_DEATH,2790,60,90,60,45,48,1,1,None,a legionary dying
LEGION_DEATH_A32,1994,LEGION_DEATH,2880,60,90,60,45,48,1,1,None,a legionary dying
LEGION_DEATH_A33,1995,LEGION_DEATH,2970,60,90,60,45,48,1,1,None,a legionary dying
LEGION_DEATH_A34,1996,LEGION_DEATH,3060,60,90,60,45,48,1,1,None,a legionary dying
LEGION_DEATH_A35,1997,LEGION_DEATH,3150,60,90,60,45,48,1,1,None,a legionary dying
LEGION_DEATH_A36,1998,LEGION_DEATH,3240,60,90,60,45,48,1,1,None,a legionary dying
LEGION_DEATH_A37,1999,LEGION_DEATH,3330,60,90,60,45,48,1,1,None,a legionary dying
LEGION_DEATH_A38,2000,LEGION_DEATH,3420,60,90,60,45,48,1,1,None,a legionary dying
LEGION_DEATH_A39,2001,LEGION_DEATH,3510,60,90,60,45,48,1,1,None,a legionary dying
LEGION_DEATH_A40,2002,LEGION_DEATH,3600,60,90,60,45,48,1,1,None,a legionary dying
LEGION_DEATH_A41,2003,LEGION_DEATH,3690,60,90,60,45,48,1,1,None,a legionary dying
LEGION_DEATH_A42,2004,LEGION_DEATH,3780,60,90,60,45,48,1,1,None,a legionary dying
LEGION_DEATH_A43,2005,LEGION_DEATH,3870,60,90,60,45,48,1,1,None,a legionary dying
LEGION_DEATH_A44,2006,LEGION_DEATH,3960,60,90,60,45,48,1,1,None,a legionary dying
LEGION_DEATH_A45,2007,LEGION_DEATH,4050,60,90,60,45,48,1,1,None,a legionary dying
LEGION_DEATH_A46,2008,LEGION_DEATH,4140,60,90,60,45,48,1,1,None,a legionary dying
LEGION_DEATH_A47,2009,LEGION_DEATH,4230,60,90,60,45,48,1,1,None,a legionary dying
LEGION_DEATH_A48,2010,LEGION_DEATH,4320,60,90,60,45,48,1,1,None,a legionary dying
LEGION_DEATH_A49,2011,LEGION_DEATH,4410,60,90,60,45,48,1,1,None,a legionary dying
LEGION_DEATH_A50,2012,LEGION_DEATH,4500,60,90,60,45,48,1,1,None,a legionary dying
LEGION_DEATH_A51,2013,LEGION_DEATH,4590,60,90,60,45,48,1,1,None,a legionary dying
LEGION_DEATH_A52,2014,LEGION_DEATH,4680,60,90,60,45,48,1,1,None,a legionary dying
LEGION_DEATH_A53,2015,LEGION_DEATH,4770,60,90,60,45,48,1,1,None,a legionary dying
LEGION_DEATH_A54,2016,LEGION_DEATH,4860,60,90,60,45,48,1,1,None,a legionary dying
LEGION_DEATH_A55,2017,LEGION_DEATH,4950,60,90,60,45,48,1,1,None,a legionary dying
LEGION_DEATH_A56,2018,LEGION_DEATH,5040,60,90,60,45,48,1,1,None,a legionary dying
LEGION_DEATH_A57,2019,LEGION_DEATH,5130,60,90,60,45,48,1,1,None,a legionary dying
LEGION_DEATH_A58,2020,LEGION_DEATH,5220,60,90,60,45,48,1,1,None,a legionary dying
LEGION_DEATH_A59,2021,LEGION_DEATH,5310,60,90,60,45,48,1,1,None,a legionary dying
LEGION_DEATH_A60,2022,LEGION_DEATH,5400,60,90,60,45,48,1,1,None,a legionary dying
LEGION_DEATH_A61,2023,LEGION_DEATH,5490,60,90,60,45,48,1,1,None,a legionary dying
LEGION_DEATH_A62,2024,LEGION_DEATH,5580,60,90,60,45,48,1,1,None,a legionary dying
LEGION_DEATH_A63,2025,LEGION_DEATH,5670,60,90,60,45,48,1,1,None,a legionary dying
LEGION_DEATH_A64,2026,LEGION_DEATH,5760,60,90,60,45,48,1,1,None,a legionary dying
LEGION_DEATH_A65,2027,LEGION_DEATH,5850,60,90,60,45,48,1,1,None,a legionary dying
LEGION_DEATH_A66,2028,LEGION_DEATH,5940,60,90,60,45,48,1,1,None,a legionary dying
LEGION_DEATH_A67,2029,LEGION_DEATH,6030,60,90,60,45,48,1,1,None,a legionary dying
LEGION_DEATH_A68,2030,LEGION_DEATH,6120,60,90,60,45,48,1,1,None,a legionary dying
LEGION_DEATH_A69,2031,LEGION_DEATH,6210,60,90,60,45,48,1,1,None,a legionary dying
LEGION_DEATH_A70,2032,LEGION_DEATH,6300,60,90,60,45,48,1,1,None,a legionary dying
LEGION_DEATH_A71,2033,LEGION_DEATH,6390,60,90,60,45,48,1,1,None,a legionary dying
LEGION_DEATH_A72,2034,LEGION_DEATH,6480,60,90,60,45,48,1,1,None,a legionary dying
LEGION_DEATH_A73,2035,LEGION_DEATH,6570,60,90,60,45,48,1,1,None,a legionary dying
LEGION_DEATH_A74,2036,LEGION_DEATH,6660,60,90,60,45,48,1,1,None,a legionary dying
LEGION_DEATH_A75,2037,LEGION_DEATH,6750,60,90,60,45,48,1,1,None,a legionary dying
LEGION_DEATH_B0,2038,LEGION_DEATH,0,120,90,60,45,48,1,1,None,a legionary dying
LEGION_DEATH_B1,2039,LEGION_DEATH,90,120,90,60,45,48,1,1,None,a legionary dying
LEGION_DEATH_B2,2040,LEGION_DEATH,180,120,90,60,45,48,1,1,None,a legionary dying
LEGION_DEATH_B3,2041,LEGION_DEATH,270,120,90,60,45,48,1,1,None,a legionary dying
LEGION_DEATH_B4,2042,LEGION_DEATH,360,120,90,60,45,48,1,1,None,a legionary dying
LEGION_DEATH_B5,2043,LEGION_DEATH,450,120,90,60,45,48,1,1,None,a legionary dying
LEGION_DEATH_B6,2044,LEGION_DEATH,540,120,90,60,45,48,1,1,None,a legionary dying
LEGION_DEATH_B7,2045,LEGION_DEATH,630,120,90,60,45,48,1,1,None,a legionary dying
LEGION_DEATH_B8,2046,LEGION_DEATH,720,120,90,60,45,48,1,1,None,a legionary dying
LEGION_DEATH_B9,2047,LEGION_DEATH,810,120,90,60,45,48,1,1,None,a legionary dying
LEGION_DEATH_B10,2048,LEGION_DEATH,900,120,90,60,45,48,1,1,None,a legionary dying
LEGION_DEATH_B11,2049,LEGION_DEATH,990,120,90,60,45,48,1,1,None,a legionary dying
LEGION_DEATH_B12,2050,LEGION_DEATH,1080,120,90,60,45,48,1,1,None,a legionary dying
LEGION_DEATH_B13,2051,LEGION_DEATH,1170,120,90,60,45,48,1,1,None,a legionary dying
LEGION_DEATH_B14,2052,LEGION_DEATH,1260,120,90,60,45,48,1,1,None,a legionary dying
LEGION_DEATH_B15,2053,LEGION_DEATH,1350,120,90,60,45,48,1,1,None,a legionary dying
LEGION_DEATH_B16,2054,LEGION_DEATH,1440,120,90,60,45,48,1,1,None,a legionary dying
LEGION_DEATH_B17,2055,LEGION_DEATH,1530,120,90,60,45,48,1,1,None,a legionary dying
LEGION_DEATH_B18,2056,LEGION_DEATH,1620,120,90,60,45,48,1,1,None,a legionary dying
LEGION_DEATH_B19,2057,LEGION_DEATH,1710,120,90,60,45,48,1,1,None,a legionary dying
LEGION_DEATH_B20,2058,LEGION_DEATH,1800,120,90,60,45,48,1,1,None,a legionary dying
LEGION_DEATH_B21,2059,LEGION_DEATH,1890,120,90,60,45,48,1,1,None,a legionary dying
LEGION_DEATH_B22,2060,LEGION_DEATH,1980,120,90,60,45,48,1,1,None,a legionary dying
LEGION_DEATH_B23,2061,LEGION_DEATH,2070,120,90,60,45,48,1,1,None,a legionary dying
LEGION_DEATH_B24,2062,LEGION_DEATH,2160,120,90,60,45,48,1,1,None,a legionary dying
LEGION_DEATH_B25,2063,LEGION_DEATH,2250,120,90,60,45,48,1,1,None,a legionary dying
LEGION_DEATH_B26,2064,LEGION_DEATH,2340,120,90,60,45,48,1,1,None,a legionary dying
LEGION_DEATH_B27,2065,LEGION_DEATH,2430,120,90,60,45,48,1,1,None,a legionary dying
LEGION_DEATH_B28,2066,LEGION_DEATH,2520,120,90,60,45,48,1,1,None,a legionary dying
LEGION_DEATH_B29,2067,LEGION_DEATH,2610,120,90,60,45,48,1,1,None,a legionary dying
LEGION_DEATH_B30,2068,LEGION_DEATH,2700,120,90,60,45,48,1,1,None,a legionary dying
LEGION_DEATH_B31,2069,LEGION_DEATH,2790,120,90,60,45,48,1,1,None,a legionary dying
LEGION_DEATH_B32,2070,LEGION_DEATH,2880,120,90,60,45,48,1,1,None,a legionary dying
LEGION_DEATH_B33,2071,LEGION_DEATH,2970,120,90,60,45,48,1,1,None,a legionary dying
LEGION_DEATH_B34,2072,LEGION_DEATH,3060,120,90,60,45,48,1,1,None,a legionary dying
LEGION_DEATH_B35,2073,LEGION_DEATH,3150,120,90,60,45,48,1,1,None,a legionary dying
LEGION_DEATH_B36,2074,LEGION_DEATH,3240,120,90,60,45,48,1,1,None,a legionary dying
LEGION_DEATH_B37,2075,LEGION_DEATH,3330,120,90,60,45,48,1,1,None,a legionary dying
LEGION_DEATH_B38,2076,LEGION_DEATH,3420,120,90,60,45,48,1,1,None,a legionary dying
LEGION_DEATH_B39,2077,LEGION_DEATH,3510,120,90,60,45,48,1,1,None,a legionary dying
LEGION_DEATH_B40,2078,LEGION_DEATH,3600,120,90,60,45,48,1,1,None,a legionary dying
LEGION_DEATH_B41,2079,LEGION_DEATH,3690,120,90,60,45,48,1,1,None,a legionary dying
LEGION_DEATH_B42,2080,LEGION_DEATH,3780,120,90,60,45,48,1,1,None,a legionary dying
LEGION_DEATH_B43,2081,LEGION_DEATH,3870,120,90,60,45,48,1,1,None,a legionary dying
LEGION_DEATH_B44,2082,LEGION_DEATH,3960,120,90,60,45,48,1,1,None,a legionary dying
LEGION_DEATH_B45,2083,LEGION_DEATH,4050,120,90,60,45,48,1,1,None,a legionary dying
LEGION_DEATH_B46,2084,LEGION_DEATH,4140,120,90,60,45,48,1,1,None,a legionary dying
LEGION_DEATH_B47,2085,LEGION_DEATH,4230,120,90,60,45,48,1,1,None,a legionary dying
LEGION_DEATH_B48,2086,LEGION_DEATH,4320,120,90,60,45,48,1,1,None,a legionary dying
LEGION_DEATH_B49,2087,LEGION_DEATH,4410,120,90,60,45,48,1,1,None,a legionary dying
LEGION_DEATH_B50,2088,LEGION_DEATH,4500,120,90,60,45,48,1,1,None,a legionary dying
LEGION_DEATH_B51,2089,LEGION_DEATH,4590,120,90,60,45,48,1,1,None,a legionary dying
LEGION_DEATH_B52,2090,LEGION_DEATH,4680,120,90,60,45,48,1,1,None,a legionary dying
LEGION_DEATH_B53,2091,LEGION_DEATH,4770,120,90,60,45,48,1,1,None,a legionary dying
LEGION_DEATH_B54,2092,LEGION_DEATH,4860,120,90,60,45,48,1,1,None,a legionary dying
LEGION_DEATH_B55,2093,LEGION_DEATH,4950,120,90,60,45,48,1,1,None,a legionary dying
LEGION_DEATH_B56,2094,LEGION_DEATH,5040,120,90,60,45,48,1,1,None,a legionary dying
LEGION_DEATH_B57,2095,LEGION_DEATH,5130,120,90,60,45,48,1,1,None,a legionary dying
LEGION_DEATH_B58,2096,LEGION_DEATH,5220,120,90,60,45,48,1,1,None,a legionary dying
LEGION_DEATH_B59,2097,LEGION_DEATH,5310,120,90,60,45,48,1,1,None,a legionary dying
LEGION_DEATH_B60,2098,LEGION_DEATH,5400,120,90,60,45,48,1,1,None,a legionary dying
LEGION_DEATH_B61,2099,LEGION_DEATH,5490,120,90,60,45,48,1,1,None,a legionary dying
LEGION_DEATH_B62,2100,LEGION_DEATH,5580,120,90,60,45,48,1,1,None,a legionary dying
LEGION_DEATH_B63,2101,LEGION_DEATH,5670,120,90,60,45,48,1,1,None,a legionary dying
LEGION_DEATH_B64,2102,LEGION_DEATH,5760,120,90,60,45,48,1,1,None,a legionary dying
LEGION_DEATH_B65,2103,LEGION_DEATH,5850,120,90,60,45,48,1,1,None,a legionary dying
LEGION_DEATH_B66,2104,LEGION_DEATH,5940,120,90,60,45,48,1,1,None,a legionary dying
LEGION_DEATH_B67,2105,LEGION_DEATH,6030,120,90,60,45,48,1,1,None,a legionary dying
LEGION_DEATH_B68,2106,LEGION_DEATH,6120,120,90,60,45,48,1,1,None,a legionary dying
LEGION_DEATH_B69,2107,LEGION_DEATH,6210,120,90,60,45,48,1,1,None,a legionary dying
LEGION_DEATH_B70,2108,LEGION_DEATH,6300,120,90,60,45,48,1,1,None,a legionary dying
LEGION_DEATH_B71,2109,LEGION_DEATH,6390,120,90,60,45,48,1,1,None,a legionary dying
LEGION_DEATH_B72,2110,LEGION_DEATH,6480,120,90,60,45,48,1,1,None,a legionary dying
LEGION_DEATH_B73,2111,LEGION_DEATH,6570,120,90,60,45,48,1,1,None,a legionary dying
LEGION_DEATH_B74,2112,LEGION_DEATH,6660,120,90,60,45,48,1,1,None,a legionary dying
LEGION_DEATH_B75,2113,LEGION_DEATH,6750,120,90,60,45,48,1,1,None,a legionary dying
LEGION_DEATH_C0,2114,LEGION_DEATH,0,180,90,60,45,48,1,1,None,a legionary dying
LEGION_DEATH_C1,2115,LEGION_DEATH,90,180,90,60,45,48,1,1,None,a legionary dying
LEGION_DEATH_C2,2116,LEGION_DEATH,180,180,90,60,45,48,1,1,None,a legionary dying
LEGION_DEATH_C3,2117,LEGION_DEATH,270,180,90,60,45,48,1,1,None,a legionary dying
LEGION_DEATH_C4,2118,LEGION_DEATH,360,180,90,60,45,48,1,1,None,a legionary dying
LEGION_DEATH_C5,2119,LEGION_DEATH,450,180,90,60,45,48,1,1,None,a legionary dying
LEGION_DEATH_C6,2120,LEGION_DEATH,540,180,90,60,45,48,1,1,None,a legionary dying
LEGION_DEATH_C7,2121,LEGION_DEATH,630,180,90,60,45,48,1,1,None,a legionary dying
LEGION_DEATH_C8,2122,LEGION_DEATH,720,180,90,60,45,48,1,1,None,a legionary dying
LEGION_DEATH_C9,2123,LEGION_DEATH,810,180,90,60,45,48,1,1,None,a legionary dying
LEGION_DEATH_C10,2124,LEGION_DEATH,900,180,90,60,45,48,1,1,None,a legionary dying
LEGION_DEATH_C11,2125,LEGION_DEATH,990,180,90,60,45,48,1,1,None,a legionary dying
LEGION_DEATH_C12,2126,LEGION_DEATH,1080,180,90,60,45,48,1,1,None,a legionary dying
LEGION_DEATH_C13,2127,LEGION_DEATH,1170,180,90,60,45,48,1,1,None,a legionary dying
LEGION_DEATH_C14,2128,LEGION_DEATH,1260,180,90,60,45,48,1,1,None,a legionary dying
LEGION_DEATH_C15,2129,LEGION_DEATH,1350,180,90,60,45,48,1,1,None,a legionary dying
LEGION_DEATH_C16,2130,LEGION_DEATH,1440,180,90,60,45,48,1,1,None,a legionary dying
LEGION_DEATH_C17,2131,LEGION_DEATH,1530,180,90,60,45,48,1,1,None,a legionary dying
LEGION_DEATH_C18,2132,LEGION_DEATH,1620,180,90,60,45,48,1,1,None,a legionary dying
LEGION_DEATH_C19,2133,LEGION_DEATH,1710,180,90,60,45,48,1,1,None,a legionary dying
LEGION_DEATH_C20,2134,LEGION_DEATH,1800,180,90,60,45,48,1,1,None,a legionary dying
LEGION_DEATH_C21,2135,LEGION_DEATH,1890,180,90,60,45,48,1,1,None,a legionary dying
LEGION_DEATH_C22,2136,LEGION_DEATH,1980,180,90,60,45,48,1,1,None,a legionary dying
LEGION_DEATH_C23,2137,LEGION_DEATH,2070,180,90,60,45,48,1,1,None,a legionary dying
LEGION_DEATH_C24,2138,LEGION_DEATH,2160,180,90,60,45,48,1,1,None,a legionary dying
LEGION_DEATH_C25,2139,LEGION_DEATH,2250,180,90,60,45,48,1,1,None,a legionary dying
LEGION_DEATH_C26,2140,LEGION_DEATH,2340,180,90,60,45,48,1,1,None,a legionary dying
LEGION_DEATH_C27,2141,LEGION_DEATH,2430,180,90,60,45,48,1,1,None,a legionary dying
LEGION_DEATH_C28,2142,LEGION_DEATH,2520,180,90,60,45,48,1,1,None,a legionary dying
LEGION_DEATH_C29,2143,LEGION_DEATH,2610,180,90,60,45,48,1,1,None,a legionary dying
LEGION_DEATH_C30,2144,LEGION_DEATH,2700,180,90,60,45,48,1,1,None,a legionary dying
LEGION_DEATH_C31,2145,LEGION_DEATH,2790,180,90,60,45,48,1,1,None,a legionary dying
LEGION_DEATH_C32,2146,LEGION_DEATH,2880,180,90,60,45,48,1,1,None,a legionary dying
LEGION_DEATH_C33,2147,LEGION_DEATH,2970,180,90,60,45,48,1,1,None,a legionary dying
LEGION_DEATH_C34,2148,LEGION_DEATH,3060,180,90,60,45,48,1,1,None,a legionary dying
LEGION_DEATH_C35,2149,LEGION_DEATH,3150,180,90,60,45,48,1,1,None,a legionary dying
LEGION_DEATH_C36,2150,LEGION_DEATH,3240,180,90,60,45,48,1,1,None,a legionary dying
LEGION_DEATH_C37,2151,LEGION_DEATH,3330,180,90,60,45,48,1,1,None,a legionary dying
LEGION_DEATH_C38,2152,LEGION_DEATH,3420,180,90,60,45,48,1,1,None,a legionary dying
LEGION_DEATH_C39,2153,LEGION_DEATH,3510,180,90,60,45,48,1,1,None,a legionary dying
LEGION_DEATH_C40,2154,LEGION_DEATH,3600,180,90,60,45,48,1,1,None,a legionary dying
LEGION_DEATH_C41,2155,LEGION_DEATH,3690,180,90,60,45,48,1,1,None,a legionary dying
LEGION_DEATH_C42,2156,LEGION_DEATH,3780,180,90,60,45,48,1,1,None,a legionary dying
LEGION_DEATH_C43,2157,LEGION_DEATH,3870,180,90,60,45,48,1,1,None,a legionary dying
LEGION_DEATH_C44,2158,LEGION_DEATH,3960,180,90,60,45,48,1,1,None,a legionary dying
LEGION_DEATH_C45,2159,LEGION_DEATH,4050,180,90,60,45,48,1,1,None,a legionary dying
LEGION_DEATH_C46,2160,LEGION_DEATH,4140,180,90,60,45,48,1,1,None,a legionary dying
LEGION_DEATH_C47,2161,LEGION_DEATH,4230,180,90,60,45,48,1,1,None,a legionary dying
LEGION_DEATH_C48,2162,LEGION_DEATH,4320,180,90,60,45,48,1,1,None,a legionary dying
LEGION_DEATH_C49,2163,LEGION_DEATH,4410,180,90,60,45,48,1,1,None,a legionary dying
LEGION_DEATH_C50,2164,LEGION_DEATH,4500,180,90,60,45,48,1,1,None,a legionary dying
LEGION_DEATH_C51,2165,LEGION_DEATH,4590,180,90,60,45,48,1,1,None,a legionary dying
LEGION_DEATH_C52,2166,LEGION_DEATH,4680,180,90,60,45,48,1,1,None,a legionary dying
LEGION_DEATH_C53,2167,LEGION_DEATH,4770,180,90,60,45,48,1,1,None,a legionary dying
LEGION_DEATH_C54,2168,LEGION_DEATH,4860,180,90,60,45,48,1,1,None,a legionary dying
LEGION_DEATH_C55,2169,LEGION_DEATH,4950,180,90,60,45,48,1,1,None,a legionary dying
LEGION_DEATH_C56,2170,LEGION_DEATH,5040,180,90,60,45,48,1,1,None,a legionary dying
LEGION_DEATH_C57,2171,LEGION_DEATH,5130,180,90,60,45,48,1,1,None,a legionary dying
LEGION_DEATH_C58,2172,LEGION_DEATH,5220,180,90,60,45,48,1,1,None,a legionary dying
LEGION_DEATH_C59,2173,LEGION_DEATH,5310,180,90,60,45,48,1,1,None,a legionary dying
LEGION_DEATH_C60,2174,LEGION_DEATH,5400,180,90,60,45,48,1,1,None,a legionary dying
LEGION_DEATH_C61,2175,LEGION_DEATH,5490,180,90,60,45,48,1,1,None,a legionary dying
LEGION_DEATH_C62,2176,LEGION_DEATH,5580,180,90,60,45,48,1,1,None,a legionary dying
LEGION_DEATH_C63,2177,LEGION_DEATH,5670,180,90,60,45,48,1,1,None,a legionary dying
LEGION_DEATH_C64,2178,LEGION_DEATH,5760,180,90,60,45,48,1,1,None,a legionary dying
LEGION_DEATH_C65,2179,LEGION_DEATH,5850,180,90,60,45,48,1,1,None,a legionary dying
LEGION_DEATH_C66,2180,LEGION_DEATH,5940,180,90,60,45,48,1,1,None,a legionary dying
LEGION_DEATH_C67,2181,LEGION_DEATH,6030,180,90,60,45,48,1,1,None,a legionary dying
LEGION_DEATH_C68,2182,LEGION_DEATH,6120,180,90,60,45,48,1,1,None,a legionary dying
LEGION_DEATH_C69,2183,LEGION_DEATH,6210,180,90,60,45,48,1,1,None,a legionary dying
LEGION_DEATH_C70,2184,LEGION_DEATH,6300,180,90,60,45,48,1,1,None,a legionary dying
LEGION_DEATH_C71,2185,LEGION_DEATH,6390,180,90,60,45,48,1,1,None,a legionary dying
LEGION_DEATH_C72,2186,LEGION_DEATH,6480,180,90,60,45,48,1,1,None,a legionary dying
LEGION_DEATH_C73,2187,LEGION_DEATH,6570,180,90,60,45,48,1,1,None,a legionary dying
LEGION_DEATH_C74,2188,LEGION_DEATH,6660,180,90,60,45,48,1,1,None,a legionary dying
LEGION_DEATH_C75,2189,LEGION_DEATH,6750,180,90,60,45,48,1,1,None,a legionary dying
LEGION_DEATH_D0,2190,LEGION_DEATH,0,240,90,60,45,48,1,1,None,a legionary dying
LEGION_DEATH_D1,2191,LEGION_DEATH,90,240,90,60,45,48,1,1,None,a legionary dying
LEGION_DEATH_D2,2192,LEGION_DEATH,180,240,90,60,45,48,1,1,None,a legionary dying
LEGION_DEATH_D3,2193,LEGION_DEATH,270,240,90,60,45,48,1,1,None,a legionary dying
LEGION_DEATH_D4,2194,LEGION_DEATH,360,240,90,60,45,48,1,1,None,a legionary dying
LEGION_DEATH_D5,2195,LEGION_DEATH,450,240,90,60,45,48,1,1,None,a legionary dying
LEGION_DEATH_D6,2196,LEGION_DEATH,540,240,90,60,45,48,1,1,None,a legionary dying
LEGION_DEATH_D7,2197,LEGION_DEATH,630,240,90,60,45,48,1,1,None,a legionary dying
LEGION_DEATH_D8,2198,LEGION_DEATH,720,240,90,60,45,48,1,1,None,a legionary dying
LEGION_DEATH_D9,2199,LEGION_DEATH,810,240,90,60,45,48,1,1,None,a legionary dying
LEGION_DEATH_D10,2200,LEGION_DEATH,900,240,90,60,45,48,1,1,None,a legionary dying
LEGION_DEATH_D11,2201,LEGION_DEATH,990,240,90,60,45,48,1,1,None,a legionary dying
LEGION_DEATH_D12,2202,LEGION_DEATH,1080,240,90,60,45,48,1,1,None,a legionary dying
LEGION_DEATH_D13,2203,LEGION_DEATH,1170,240,90,60,45,48,1,1,None,a legionary dying
LEGION_DEATH_D14,2204,LEGION_DEATH,1260,240,90,60,45,48,1,1,None,a legionary dying
LEGION_DEATH_D15,2205,LEGION_DEATH,1350,240,90,60,45,48,1,1,None,a legionary dying
LEGION_DEATH_D16,2206,LEGION_DEATH,1440,240,90,60,45,48,1,1,None,a legionary dying
LEGION_DEATH_D17,2207,LEGION_DEATH,1530,240,90,60,45,48,1,1,None,a legionary dying
LEGION_DEATH_D18,2208,LEGION_DEATH,1620,240,90,60,45,48,1,1,None,a legionary dying
LEGION_DEATH_D19,2209,LEGION_DEATH,1710,240,90,60,45,48,1,1,None,a legionary dying
LEGION_DEATH_D20,2210,LEGION_DEATH,1800,240,90,60,45,48,1,1,None,a legionary dying
LEGION_DEATH_D21,2211,LEGION_DEATH,1890,240,90,60,45,48,1,1,None,a legionary dying
LEGION_DEATH_D22,2212,LEGION_DEATH,1980,240,90,60,45,48,1,1,None,a legionary dying
LEGION_DEATH_D23,2213,LEGION_DEATH,2070,240,90,60,45,48,1,1,None,a legionary dying
LEGION_DEATH_D24,2214,LEGION_DEATH,2160,240,90,60,45,48,1,1,None,a legionary dying
LEGION_DEATH_D25,2215,LEGION_DEATH,2250,240,90,60,45,48,1,1,None,a legionary dying
LEGION_DEATH_D26,2216,LEGION_DEATH,2340,240,90,60,45,48,1,1,None,a legionary dying
LEGION_DEATH_D27,2217,LEGION_DEATH,2430,240,90,60,45,48,1,1,None,a legionary dying
LEGION_DEATH_D28,2218,LEGION_DEATH,2520,240,90,60,45,48,1,1,None,a legionary dying
LEGION_DEATH_D29,2219,LEGION_DEATH,2610,240,90,60,45,48,1,1,None,a legionary dying
LEGION_DEATH_D30,2220,LEGION_DEATH,2700,240,90,60,45,48,1,1,None,a legionary dying
LEGION_DEATH_D31,2221,LEGION_DEATH,2790,240,90,60,45,48,1,1,None,a legionary dying
LEGION_DEATH_D32,2222,LEGION_DEATH,2880,240,90,60,45,48,1,1,None,a legionary dying
LEGION_DEATH_D33,2223,LEGION_DEATH,2970,240,90,60,45,48,1,1,None,a legionary dying
LEGION_DEATH_D34,2224,LEGION_DEATH,3060,240,90,60,45,48,1,1,None,a legionary dying
LEGION_DEATH_D35,2225,LEGION_DEATH,3150,240,90,60,45,48,1,1,None,a legionary dying
LEGION_DEATH_D36,2226,LEGION_DEATH,3240,240,90,60,45,48,1,1,None,a legionary dying
LEGION_DEATH_D37,2227,LEGION_DEATH,3330,240,90,60,45,48,1,1,None,a legionary dying
LEGION_DEATH_D38,2228,LEGION_DEATH,3420,240,90,60,45,48,1,1,None,a legionary dying
LEGION_DEATH_D39,2229,LEGION_DEATH,3510,240,90,60,45,48,1,1,None,a legionary dying
LEGION_DEATH_D40,2230,LEGION_DEATH,3600,240,90,60,45,48,1,1,None,a legionary dying
LEGION_DEATH_D41,2231,LEGION_DEATH,3690,240,90,60,45,48,1,1,None,a legionary dying
LEGION_DEATH_D42,2232,LEGION_DEATH,3780,240,90,60,45,48,1,1,None,a legionary dying
LEGION_DEATH_D43,2233,LEGION_DEATH,3870,240,90,60,45,48,1,1,None,a legionary dying
LEGION_DEATH_D44,2234,LEGION_DEATH,3960,240,90,60,45,48,1,1,None,a legionary dying
LEGION_DEATH_D45,2235,LEGION_DEATH,4050,240,90,60,45,48,1,1,None,a legionary dying
LEGION_DEATH_D46,2236,LEGION_DEATH,4140,240,90,60,45,48,1,1,None,a legionary dying
LEGION_DEATH_D47,2237,LEGION_DEATH,4230,240,90,60,45,48,1,1,None,a legionary dying
LEGION_DEATH_D48,2238,LEGION_DEATH,4320,240,90,60,45,48,1,1,None,a legionary dying
LEGION_DEATH_D49,2239,LEGION_DEATH,4410,240,90,60,45,48,1,1,None,a legionary dying
LEGION_DEATH_D50,2240,LEGION_DEATH,4500,240,90,60,45,48,1,1,None,a legionary dying
LEGION_DEATH_D51,2241,LEGION_DEATH,4590,240,90,60,45,48,1,1,None,a legionary dying
LEGION_DEATH_D52,2242,LEGION_DEATH,4680,240,90,60,45,48,1,1,None,a legionary dying
LEGION_DEATH_D53,2243,LEGION_DEATH,4770,240,90,60,45,48,1,1,None,a legionary dying
LEGION_DEATH_D54,2244,LEGION_DEATH,4860,240,90,60,45,48,1,1,None,a legionary dying
LEGION_DEATH_D55,2245,LEGION_DEATH,4950,240,90,60,45,48,1,1,None,a legionary dying
LEGION_DEATH_D56,2246,LEGION_DEATH,5040,240,90,60,45,48,1,1,None,a legionary dying
LEGION_DEATH_D57,2247,LEGION_DEATH,5130,240,90,60,45,48,1,1,None,a legionary dying
LEGION_DEATH_D58,2248,LEGION_DEATH,5220,240,90,60,45,48,1,1,None,a legionary dying
LEGION_DEATH_D59,2249,LEGION_DEATH,5310,240,90,60,45,48,1,1,None,a legionary dying
LEGION_DEATH_D60,2250,LEGION_DEATH,5400,240,90,60,45,48,1,1,None,a legionary dying
LEGION_DEATH_D61,2251,LEGION_DEATH,5490,240,90,60,45,48,1,1,None,a legionary dying
LEGION_DEATH_D62,2252,LEGION_DEATH,5580,240,90,60,45,48,1,1,None,a legionary dying
LEGION_DEATH_D63,2253,LEGION_DEATH,5670,240,90,60,45,48,1,1,None,a legionary dying
LEGION_DEATH_D64,2254,LEGION_DEATH,5760,240,90,60,45,48,1,1,None,a legionary dying
LEGION_DEATH_D65,2255,LEGION_DEATH,5850,240,90,60,45,48,1,1,None,a legionary dying
LEGION_DEATH_D66,2256,LEGION_DEATH,5940,240,90,60,45,48,1,1,None,a legionary dying
LEGION_DEATH_D67,2257,LEGION_DEATH,6030,240,90,60,45,48,1,1,None,a legionary dying
LEGION_DEATH_D68,2258,LEGION_DEATH,6120,240,90,60,45,48,1,1,None,a legionary dying
LEGION_DEATH_D69,2259,LEGION_DEATH,6210,240,90,60,45,48,1,1,None,a legionary dying
LEGION_DEATH_D70,2260,LEGION_DEATH,6300,240,90,60,45,48,1,1,None,a legionary dying
LEGION_DEATH_D71,2261,LEGION_DEATH,6390,240,90,60,45,48,1,1,None,a legionary dying
LEGION_DEATH_D72,2262,LEGION_DEATH,6480,240,90,60,45,48,1,1,None,a legionary dying
LEGION_DEATH_D73,2263,LEGION_DEATH,6570,240,90,60,45,48,1,1,None,a legionary dying
LEGION_DEATH_D74,2264,LEGION_DEATH,6660,240,90,60,45,48,1,1,None,a legionary dying
LEGION_DEATH_D75,2265,LEGION_DEATH,6750,240,90,60,45,48,1,1,None,a legionary dying
LEGION_DEATH_E0,2266,LEGION_DEATH,0,300,90,60,45,48,1,1,None,a legionary dying
LEGION_DEATH_E1,2267,LEGION_DEATH,90,300,90,60,45,48,1,1,None,a legionary dying
LEGION_DEATH_E2,2268,LEGION_DEATH,180,300,90,60,45,48,1,1,None,a legionary dying
LEGION_DEATH_E3,2269,LEGION_DEATH,270,300,90,60,45,48,1,1,None,a legionary dying
LEGION_DEATH_E4,2270,LEGION_DEATH,360,300,90,60,45,48,1,1,None,a legionary dying
LEGION_DEATH_E5,2271,LEGION_DEATH,450,300,90,60,45,48,1,1,None,a legionary dying
LEGION_DEATH_E6,2272,LEGION_DEATH,540,300,90,60,45,48,1,1,None,a legionary dying
LEGION_DEATH_E7,2273,LEGION_DEATH,630,300,90,60,45,48,1,1,None,a legionary dying
LEGION_DEATH_E8,2274,LEGION_DEATH,720,300,90,60,45,48,1,1,None,a legionary dying
LEGION_DEATH_E9,2275,LEGION_DEATH,810,300,90,60,45,48,1,1,None,a legionary dying
LEGION_DEATH_E10,2276,LEGION_DEATH,900,300,90,60,45,48,1,1,None,a legionary dying
LEGION_DEATH_E11,2277,LEGION_DEATH,990,300,90,60,45,48,1,1,None,a legionary dying
LEGION_DEATH_E12,2278,LEGION_DEATH,1080,300,90,60,45,48,1,1,None,a legionary dying
LEGION_DEATH_E13,2279,LEGION_DEATH,1170,300,90,60,45,48,1,1,None,a legionary dying
LEGION_DEATH_E14,2280,LEGION_DEATH,1260,300,90,60,45,48,1,1,None,a legionary dying
LEGION_DEATH_E15,2281,LEGION_DEATH,1350,300,90,60,45,48,1,1,None,a legionary dying
LEGION_DEATH_E16,2282,LEGION_DEATH,1440,300,90,60,45,48,1,1,None,a legionary dying
LEGION_DEATH_E17,2283,LEGION_DEATH,1530,300,90,60,45,48,1,1,None,a legionary dying
LEGION_DEATH_E18,2284,LEGION_DEATH,1620,300,90,60,45,48,1,1,None,a legionary dying
LEGION_DEATH_E19,2285,LEGION_DEATH,1710,300,90,60,45,48,1,1,None,a legionary dying
LEGION_DEATH_E20,2286,LEGION_DEATH,1800,300,90,60,45,48,1,1,None,a legionary dying
LEGION_DEATH_E21,2287,LEGION_DEATH,1890,300,90,60,45,48,1,1,None,a legionary dying
LEGION_DEATH_E22,2288,LEGION_DEATH,1980,300,90,60,45,48,1,1,None,a legionary dying
LEGION_DEATH_E23,2289,LEGION_DEATH,2070,300,90,60,45,48,1,1,None,a legionary dying
LEGION_DEATH_E24,2290,LEGION_DEATH,2160,300,90,60,45,48,1,1,None,a legionary dying
LEGION_DEATH_E25,2291,LEGION_DEATH,2250,300,90,60,45,48,1,1,None,a legionary dying
LEGION_DEATH_E26,2292,LEGION_DEATH,2340,300,90,60,45,48,1,1,None,a legionary dying
LEGION_DEATH_E27,2293,LEGION_DEATH,2430,300,90,60,45,48,1,1,None,a legionary dying
LEGION_DEATH_E28,2294,LEGION_DEATH,2520,300,90,60,45,48,1,1,None,a legionary dying
LEGION_DEATH_E29,2295,LEGION_DEATH,2610,300,90,60,45,48,1,1,None,a legionary dying
LEGION_DEATH_E30,2296,LEGION_DEATH,2700,300,90,60,45,48,1,1,None,a legionary dying
LEGION_DEATH_E31,2297,LEGION_DEATH,2790,300,90,60,45,48,1,1,None,a legionary dying
LEGION_DEATH_E32,2298,LEGION_DEATH,2880,300,90,60,45,48,1,1,None,a legionary dying
LEGION_DEATH_E33,2299,LEGION_DEATH,2970,300,90,60,45,48,1,1,None,a legionary dying
LEGION_DEATH_E34,2300,LEGION_DEATH,3060,300,90,60,45,48,1,1,None,a legionary dying
LEGION_DEATH_E35,2301,LEGION_DEATH,3150,300,90,60,45,48,1,1,None,a legionary dying
LEGION_DEATH_E36,2302,LEGION_DEATH,3240,300,90,60,45,48,1,1,None,a legionary dying
LEGION_DEATH_E37,2303,LEGION_DEATH,3330,300,90,60,45,48,1,1,None,a legionary dying
LEGION_DEATH_E38,2304,LEGION_DEATH,3420,300,90,60,45,48,1,1,None,a legionary dying
LEGION_DEATH_E39,2305,LEGION_DEATH,3510,300,90,60,45,48,1,1,None,a legionary dying
LEGION_DEATH_E40,2306,LEGION_DEATH,3600,300,90,60,45,48,1,1,None,a legionary dying
LEGION_DEATH_E41,2307,LEGION_DEATH,3690,300,90,60,45,48,1,1,None,a legionary dying
LEGION_DEATH_E42,2308,LEGION_DEATH,3780,300,90,60,45,48,1,1,None,a legionary dying
LEGION_DEATH_E43,2309,LEGION_DEATH,3870,300,90,60,45,48,1,1,None,a legionary dying
LEGION_DEATH_E44,2310,LEGION_DEATH,3960,300,90,60,45,48,1,1,None,a legionary dying
LEGION_DEATH_E45,2311,LEGION_DEATH,4050,300,90,60,45,48,1,1,None,a legionary dying
LEGION_DEATH_E46,2312,LEGION_DEATH,4140,300,90,60,45,48,1,1,None,a legionary dying
LEGION_DEATH_E47,2313,LEGION_DEATH,4230,300,90,60,45,48,1,1,None,a legionary dying
LEGION_DEATH_E48,2314,LEGION_DEATH,4320,300,90,60,45,48,1,1,None,a legionary dying
LEGION_DEATH_E49,2315,LEGION_DEATH,4410,300,90,60,45,48,1,1,None,a legionary dying
LEGION_DEATH_E50,2316,LEGION_DEATH,4500,300,90,60,45,48,1,1,None,a legionary dying
LEGION_DEATH_E51,2317,LEGION_DEATH,4590,300,90,60,45,48,1,1,None,a legionary dying
LEGION_DEATH_E52,2318,LEGION_DEATH,4680,300,90,60,45,48,1,1,None,a legionary dying
LEGION_DEATH_E53,2319,LEGION_DEATH,4770,300,90,60,45,48,1,1,None,a legionary dying
LEGION_DEATH_E54,2320,LEGION_DEATH,4860,300,90,60,45,48,1,1,None,a legionary dying
LEGION_DEATH_E55,2321,LEGION_DEATH,4950,300,90,60,45,48,1,1,None,a legionary dying
LEGION_DEATH_E56,2322,LEGION_DEATH,5040,300,90,60,45,48,1,1,None,a legionary dying
LEGION_DEATH_E57,2323,LEGION_DEATH,5130,300,90,60,45,48,1,1,None,a legionary dying
LEGION_DEATH_E58,2324,LEGION_DEATH,5220,300,90,60,45,48,1,1,None,a legionary dying
LEGION_DEATH_E59,2325,LEGION_DEATH,5310,300,90,60,45,48,1,1,None,a legionary dying
LEGION_DEATH_E60,2326,LEGION_DEATH,5400,300,90,60,45,48,1,1,None,a legionary dying
LEGION_DEATH_E61,2327,LEGION_DEATH,5490,300,90,60,45,48,1,1,None,a legionary dying
LEGION_DEATH_E62,2328,LEGION_DEATH,5580,300,90,60,45,48,1,1,None,a legionary dying
LEGION_DEATH_E63,2329,LEGION_DEATH,5670,300,90,60,45,48,1,1,None,a legionary dying
LEGION_DEATH_E64,2330,LEGION_DEATH,5760,300,90,60,45,48,1,1,None,a legionary dying
LEGION_DEATH_E65,2331,LEGION_DEATH,5850,300,90,60,45,48,1,1,None,a legionary dying
LEGION_DEATH_E66,2332,LEGION_DEATH,5940,300,90,60,45,48,1,1,None,a legionary dying
LEGION_DEATH_E67,2333,LEGION_DEATH,6030,300,90,60,45,48,1,1,None,a legionary dying
LEGION_DEATH_E68,2334,LEGION_DEATH,6120,300,90,60,45,48,1,1,None,a legionary dying
LEGION_DEATH_E69,2335,LEGION_DEATH,6210,300,90,60,45,48,1,1,None,a legionary dying
LEGION_DEATH_E70,2336,LEGION_DEATH,6300,300,90,60,45,48,1,1,None,a legionary dying
LEGION_DEATH_E71,2337,LEGION_DEATH,6390,300,90,60,45,48,1,1,None,a legionary dying
LEGION_DEATH_E72,2338,LEGION_DEATH,6480,300,90,60,45,48,1,1,None,a legionary dying
LEGION_DEATH_E73,2339,LEGION_DEATH,6570,300,90,60,45,48,1,1,None,a legionary dying
LEGION_DEATH_E74,2340,LEGION_DEATH,6660,300,90,60,45,48,1,1,None,a legionary dying
LEGION_DEATH_E75,2341,LEGION_DEATH,6750,300,90,60,45,48,1,1,None,a legionary dying
LEGION_DEATH_F0,2342,LEGION_DEATH,0,360,90,60,45,48,1,1,None,a legionary dying
LEGION_DEATH_F1,2343,LEGION_DEATH,90,360,90,60,45,48,1,1,None,a legionary dying
LEGION_DEATH_F2,2344,LEGION_DEATH,180,360,90,60,45,48,1,1,None,a legionary dying
LEGION_DEATH_F3,2345,LEGION_DEATH,270,360,90,60,45,48,1,1,None,a legionary dying
LEGION_DEATH_F4,2346,LEGION_DEATH,360,360,90,60,45,48,1,1,None,a legionary dying
LEGION_DEATH_F5,2347,LEGION_DEATH,450,360,90,60,45,48,1,1,None,a legionary dying
LEGION_DEATH_F6,2348,LEGION_DEATH,540,360,90,60,45,48,1,1,None,a legionary dying
LEGION_DEATH_F7,2349,LEGION_DEATH,630,360,90,60,45,48,1,1,None,a legionary dying
LEGION_DEATH_F8,2350,LEGION_DEATH,720,360,90,60,45,48,1,1,None,a legionary dying
LEGION_DEATH_F9,2351,LEGION_DEATH,810,360,90,60,45,48,1,1,None,a legionary dying
LEGION_DEATH_F10,2352,LEGION_DEATH,900,360,90,60,45,48,1,1,None,a legionary dying
LEGION_DEATH_F11,2353,LEGION_DEATH,990,360,90,60,45,48,1,1,None,a legionary dying
LEGION_DEATH_F12,2354,LEGION_DEATH,1080,360,90,60,45,48,1,1,None,a legionary dying
LEGION_DEATH_F13,2355,LEGION_DEATH,1170,360,90,60,45,48,1,1,None,a legionary dying
LEGION_DEATH_F14,2356,LEGION_DEATH,1260,360,90,60,45,48,1,1,None,a legionary dying
LEGION_DEATH_F15,2357,LEGION_DEATH,1350,360,90,60,45,48,1,1,None,a legionary dying
LEGION_DEATH_F16,2358,LEGION_DEATH,1440,360,90,60,45,48,1,1,None,a legionary dying
LEGION_DEATH_F17,2359,LEGION_DEATH,1530,360,90,60,45,48,1,1,None,a legionary dying
LEGION_DEATH_F18,2360,LEGION_DEATH,1620,360,90,60,45,48,1,1,None,a legionary dying
LEGION_DEATH_F19,2361,LEGION_DEATH,1710,360,90,60,45,48,1,1,None,a legionary dying
LEGION_DEATH_F20,2362,LEGION_DEATH,1800,360,90,60,45,48,1,1,None,a legionary dying
LEGION_DEATH_F21,2363,LEGION_DEATH,1890,360,90,60,45,48,1,1,None,a legionary dying
LEGION_DEATH_F22,2364,LEGION_DEATH,1980,360,90,60,45,48,1,1,None,a legionary dying
LEGION_DEATH_F23,2365,LEGION_DEATH,2070,360,90,60,45,48,1,1,None,a legionary dying
LEGION_DEATH_F24,2366,LEGION_DEATH,2160,360,90,60,45,48,1,1,None,a legionary dying
LEGION_DEATH_F25,2367,LEGION_DEATH,2250,360,90,60,45,48,1,1,None,a legionary dying
LEGION_DEATH_F26,2368,LEGION_DEATH,2340,360,90,60,45,48,1,1,None,a legionary dying
LEGION_DEATH_F27,2369,LEGION_DEATH,2430,360,90,60,45,48,1,1,None,a legionary dying
LEGION_DEATH_F28,2370,LEGION_DEATH,2520,360,90,60,45,48,1,1,None,a legionary dying
LEGION_DEATH_F29,2371,LEGION_DEATH,2610,360,90,60,45,48,1,1,None,a legionary dying
LEGION_DEATH_F30,2372,LEGION_DEATH,2700,360,90,60,45,48,1,1,None,a legionary dying
LEGION_DEATH_F31,2373,LEGION_DEATH,2790,360,90,60,45,48,1,1,None,a legionary dying
LEGION_DEATH_F32,2374,LEGION_DEATH,2880,360,90,60,45,48,1,1,None,a legionary dying
LEGION_DEATH_F33,2375,LEGION_DEATH,2970,360,90,60,45,48,1,1,None,a legionary dying
LEGION_DEATH_F34,2376,LEGION_DEATH,3060,360,90,60,45,48,1,1,None,a legionary dying
LEGION_DEATH_F35,2377,LEGION_DEATH,3150,360,90,60,45,48,1,1,None,a legionary dying
LEGION_DEATH_F36,2378,LEGION_DEATH,3240,360,90,60,45,48,1,1,None,a legionary dying
LEGION_DEATH_F37,2379,LEGION_DEATH,3330,360,90,60,45,48,1,1,None,a legionary dying
LEGION_DEATH_F38,2380,LEGION_DEATH,3420,360,90,60,45,48,1,1,None,a legionary dying
LEGION_DEATH_F39,2381,LEGION_DEATH,3510,360,90,60,45,48,1,1,None,a legionary dying
LEGION_DEATH_F40,2382,LEGION_DEATH,3600,360,90,60,45,48,1,1,None,a legionary dying
LEGION_DEATH_F41,2383,LEGION_DEATH,3690,360,90,60,45,48,1,1,None,a legionary dying
LEGION_DEATH_F42,2384,LEGION_DEATH,3780,360,90,60,45,48,1,1,None,a legionary dying
LEGION_DEATH_F43,2385,LEGION_DEATH,3870,360,90,60,45,48,1,1,None,a legionary dying
LEGION_DEATH_F44,2386,LEGION_DEATH,3960,360,90,60,45,48,1,1,None,a legionary dying
LEGION_DEATH_F45,2387,LEGION_DEATH,4050,360,90,60,45,48,1,1,None,a legionary dying
LEGION_DEATH_F46,2388,LEGION_DEATH,4140,360,90,60,45,48,1,1,None,a legionary dying
LEGION_DEATH_F47,2389,LEGION_DEATH,4230,360,90,60,45,48,1,1,None,a legionary dying
LEGION_DEATH_F48,2390,LEGION_DEATH,4320,360,90,60,45,48,1,1,None,a legionary dying
LEGION_DEATH_F49,2391,LEGION_DEATH,4410,360,90,60,45,48,1,1,None,a legionary dying
LEGION_DEATH_F50,2392,LEGION_DEATH,4500,360,90,60,45,48,1,1,None,a legionary dying
LEGION_DEATH_F51,2393,LEGION_DEATH,4590,360,90,60,45,48,1,1,None,a legionary dying
LEGION_DEATH_F52,2394,LEGION_DEATH,4680,360,90,60,45,48,1,1,None,a legionary dying
LEGION_DEATH_F53,2395,LEGION_DEATH,4770,360,90,60,45,48,1,1,None,a legionary dying
LEGION_DEATH_F54,2396,LEGION_DEATH,4860,360,90,60,45,48,1,1,None,a legionary dying
LEGION_DEATH_F55,2397,LEGION_DEATH,4950,360,90,60,45,48,1,1,None,a legionary dying
LEGION_DEATH_F56,2398,LEGION_DEATH,5040,360,90,60,45,48,1,1,None,a legionary dying
LEGION_DEATH_F57,2399,LEGION_DEATH,5130,360,90,60,45,48,1,1,None,a legionary dying
LEGION_DEATH_F58,2400,LEGION_DEATH,5220,360,90,60,45,48,1,1,None,a legionary dying
LEGION_DEATH_F59,2401,LEGION_DEATH,5310,360,90,60,45,48,1,1,None,a legionary dying
LEGION_DEATH_F60,2402,LEGION_DEATH,5400,360,90,60,45,48,1,1,None,a legionary dying
LEGION_DEATH_F61,2403,LEGION_DEATH,5490,360,90,60,45,48,1,1,None,a legionary dying
LEGION_DEATH_F62,2404,LEGION_DEATH,5580,360,90,60,45,48,1,1,None,a legionary dying
LEGION_DEATH_F63,2405,LEGION_DEATH,5670,360,90,60,45,48,1,1,None,a legionary dying
LEGION_DEATH_F64,2406,LEGION_DEATH,5760,360,90,60,45,48,1,1,None,a legionary dying
LEGION_DEATH_F65,2407,LEGION_DEATH,5850,360,90,60,45,48,1,1,None,a legionary dying
LEGION_DEATH_F66,2408,LEGION_DEATH,5940,360,90,60,45,48,1,1,None,a legionary dying
LEGION_DEATH_F67,2409,LEGION_DEATH,6030,360,90,60,45,48,1,1,None,a legionary dying
LEGION_DEATH_F68,2410,LEGION_DEATH,6120,360,90,60,45,48,1,1,None,a legionary dying
LEGION_DEATH_F69,2411,LEGION_DEATH,6210,360,90,60,45,48,1,1,None,a legionary dying
LEGION_DEATH_F70,2412,LEGION_DEATH,6300,360,90,60,45,48,1,1,None,a legionary dying
LEGION_DEATH_F71,2413,LEGION_DEATH,6390,360,90,60,45,48,1,1,None,a legionary dying
LEGION_DEATH_F72,2414,LEGION_DEATH,6480,360,90,60,45,48,1,1,None,a legionary dying
LEGION_DEATH_F73,2415,LEGION_DEATH,6570,360,90,60,45,48,1,1,None,a legionary dying
LEGION_DEATH_F74,2416,LEGION_DEATH,6660,360,90,60,45,48,1,1,None,a legionary dying
LEGION_DEATH_F75,2417,LEGION_DEATH,6750,360,90,60,45,48,1,1,None,a legionary dying
LEGION_DEATH_G0,2418,LEGION_DEATH,0,420,90,60,45,48,1,1,None,a legionary dying
LEGION_DEATH_G1,2419,LEGION_DEATH,90,420,90,60,45,48,1,1,None,a legionary dying
LEGION_DEATH_G2,2420,LEGION_DEATH,180,420,90,60,45,48,1,1,None,a legionary dying
LEGION_DEATH_G3,2421,LEGION_DEATH,270,420,90,60,45,48,1,1,None,a legionary dying
LEGION_DEATH_G4,2422,LEGION_DEATH,360,420,90,60,45,48,1,1,None,a legionary dying
LEGION_DEATH_G5,2423,LEGION_DEATH,450,420,90,60,45,48,1,1,None,a legionary dying
LEGION_DEATH_G6,2424,LEGION_DEATH,540,420,90,60,45,48,1,1,None,a legionary dying
LEGION_DEATH_G7,2425,LEGION_DEATH,630,420,90,60,45,48,1,1,None,a legionary dying
LEGION_DEATH_G8,2426,LEGION_DEATH,720,420,90,60,45,48,1,1,None,a legionary dying
LEGION_DEATH_G9,2427,LEGION_DEATH,810,420,90,60,45,48,1,1,None,a legionary dying
LEGION_DEATH_G10,2428,LEGION_DEATH,900,420,90,60,45,48,1,1,None,a legionary dying
LEGION_DEATH_G11,2429,LEGION_DEATH,990,420,90,60,45,48,1,1,None,a legionary dying
LEGION_DEATH_G12,2430,LEGION_DEATH,1080,420,90,60,45,48,1,1,None,a legionary dying
LEGION_DEATH_G13,2431,LEGION_DEATH,1170,420,90,60,45,48,1,1,None,a legionary dying
LEGION_DEATH_G14,2432,LEGION_DEATH,1260,420,90,60,45,48,1,1,None,a legionary dying
LEGION_DEATH_G15,2433,LEGION_DEATH,1350,420,90,60,45,48,1,1,None,a legionary dying
LEGION_DEATH_G16,2434,LEGION_DEATH,1440,420,90,60,45,48,1,1,None,a legionary dying
LEGION_DEATH_G17,2435,LEGION_DEATH,1530,420,90,60,45,48,1,1,None,a legionary dying
LEGION_DEATH_G18,2436,LEGION_DEATH,1620,420,90,60,45,48,1,1,None,a legionary dying
LEGION_DEATH_G19,2437,LEGION_DEATH,1710,420,90,60,45,48,1,1,None,a legionary dying
LEGION_DEATH_G20,2438,LEGION_DEATH,1800,420,90,60,45,48,1,1,None,a legionary dying
LEGION_DEATH_G21,2439,LEGION_DEATH,1890,420,90,60,45,48,1,1,None,a legionary dying
LEGION_DEATH_G22,2440,LEGION_DEATH,1980,420,90,60,45,48,1,1,None,a legionary dying
LEGION_DEATH_G23,2441,LEGION_DEATH,2070,420,90,60,45,48,1,1,None,a legionary dying
LEGION_DEATH_G24,2442,LEGION_DEATH,2160,420,90,60,45,48,1,1,None,a legionary dying
LEGION_DEATH_G25,2443,LEGION_DEATH,2250,420,90,60,45,48,1,1,None,a legionary dying
LEGION_DEATH_G26,2444,LEGION_DEATH,2340,420,90,60,45,48,1,1,None,a legionary dying
LEGION_DEATH_G27,2445,LEGION_DEATH,2430,420,90,60,45,48,1,1,None,a legionary dying
LEGION_DEATH_G28,2446,LEGION_DEATH,2520,420,90,60,45,48,1,1,None,a legionary dying
LEGION_DEATH_G29,2447,LEGION_DEATH,2610,420,90,60,45,48,1,1,None,a legionary dying
LEGION_DEATH_G30,2448,LEGION_DEATH,2700,420,90,60,45,48,1,1,None,a legionary dying
LEGION_DEATH_G31,2449,LEGION_DEATH,2790,420,90,60,45,48,1,1,None,a legionary dying
LEGION_DEATH_G32,2450,LEGION_DEATH,2880,420,90,60,45,48,1,1,None,a legionary dying
LEGION_DEATH_G33,2451,LEGION_DEATH,2970,420,90,60,45,48,1,1,None,a legionary dying
LEGION_DEATH_G34,2452,LEGION_DEATH,3060,420,90,60,45,48,1,1,None,a legionary dying
LEGION_DEATH_G35,2453,LEGION_DEATH,3150,420,90,60,45,48,1,1,None,a legionary dying
LEGION_DEATH_G36,2454,LEGION_DEATH,3240,420,90,60,45,48,1,1,None,a legionary dying
LEGION_DEATH_G37,2455,LEGION_DEATH,3330,420,90,60,45,48,1,1,None,a legionary dying
LEGION_DEATH_G38,2456,LEGION_DEATH,3420,420,90,60,45,48,1,1,None,a legionary dying
LEGION_DEATH_G39,2457,LEGION_DEATH,3510,420,90,60,45,48,1,1,None,a legionary dying
LEGION_DEATH_G40,2458,LEGION_DEATH,3600,420,90,60,45,48,1,1,None,a legionary dying
LEGION_DEATH_G41,2459,LEGION_DEATH,3690,420,90,60,45,48,1,1,None,a legionary dying
LEGION_DEATH_G42,2460,LEGION_DEATH,3780,420,90,60,45,48,1,1,None,a legionary dying
LEGION_DEATH_G43,2461,LEGION_DEATH,3870,420,90,60,45,48,1,1,None,a legionary dying
LEGION_DEATH_G44,2462,LEGION_DEATH,3960,420,90,60,45,48,1,1,None,a legionary dying
LEGION_DEATH_G45,2463,LEGION_DEATH,4050,420,90,60,45,48,1,1,None,a legionary dying
LEGION_DEATH_G46,2464,LEGION_DEATH,4140,420,90,60,45,48,1,1,None,a legionary dying
LEGION_DEATH_G47,2465,LEGION_DEATH,4230,420,90,60,45,48,1,1,None,a legionary dying
LEGION_DEATH_G48,2466,LEGION_DEATH,4320,420,90,60,45,48,1,1,None,a legionary dying
LEGION_DEATH_G49,2467,LEGION_DEATH,4410,420,90,60,45,48,1,1,None,a legionary dying
LEGION_DEATH_G50,2468,LEGION_DEATH,4500,420,90,60,45,48,1,1,None,a legionary dying
LEGION_DEATH_G51,2469,LEGION_DEATH,4590,420,90,60,45,48,1,1,None,a legionary dying
LEGION_DEATH_G52,2470,LEGION_DEATH,4680,420,90,60,45,48,1,1,None,a legionary dying
LEGION_DEATH_G53,2471,LEGION_DEATH,4770,420,90,60,45,48,1,1,None,a legionary dying
LEGION_DEATH_G54,2472,LEGION_DEATH,4860,420,90,60,45,48,1,1,None,a legionary dying
LEGION_DEATH_G55,2473,LEGION_DEATH,4950,420,90,60,45,48,1,1,None,a legionary dying
LEGION_DEATH_G56,2474,LEGION_DEATH,5040,420,90,60,45,48,1,1,None,a legionary dying
LEGION_DEATH_G57,2475,LEGION_DEATH,5130,420,90,60,45,48,1,1,None,a legionary dying
LEGION_DEATH_G58,2476,LEGION_DEATH,5220,420,90,60,45,48,1,1,None,a legionary dying
LEGION_DEATH_G59,2477,LEGION_DEATH,5310,420,90,60,45,48,1,1,None,a legionary dying
LEGION_DEATH_G60,2478,LEGION_DEATH,5400,420,90,60,45,48,1,1,None,a legionary dying
LEGION_DEATH_G61,2479,LEGION_DEATH,5490,420,90,60,45,48,1,1,None,a legionary dying
LEGION_DEATH_G62,2480,LEGION_DEATH,5580,420,90,60,45,48,1,1,None,a legionary dying
LEGION_DEATH_G63,2481,LEGION_DEATH,5670,420,90,60,45,48,1,1,None,a legionary dying
LEGION_DEATH_G64,2482,LEGION_DEATH,5760,420,90,60,45,48,1,1,None,a legionary dying
LEGION_DEATH_G65,2483,LEGION_DEATH,5850,420,90,60,45,48,1,1,None,a legionary dying
LEGION_DEATH_G66,2484,LEGION_DEATH,5940,420,90,60,45,48,1,1,None,a legionary dying
LEGION_DEATH_G67,2485,LEGION_DEATH,6030,420,90,60,45,48,1,1,None,a legionary dying
LEGION_DEATH_G68,2486,LEGION_DEATH,6120,420,90,60,45,48,1,1,None,a legionary dying
LEGION_DEATH_G69,2487,LEGION_DEATH,6210,420,90,60,45,48,1,1,None,a legionary dying
LEGION_DEATH_G70,2488,LEGION_DEATH,6300,420,90,60,45,48,1,1,None,a legionary dying
LEGION_DEATH_G71,2489,LEGION_DEATH,6390,420,90,60,45,48,1,1,None,a legionary dying
LEGION_DEATH_G72,2490,LEGION_DEATH,6480,420,90,60,45,48,1,1,None,a legionary dying
LEGION_DEATH_G73,2491,LEGION_DEATH,6570,420,90,60,45,48,1,1,None,a legionary dying
LEGION_DEATH_G74,2492,LEGION_DEATH,6660,420,90,60,45,48,1,1,None,a legionary dying
LEGION_DEATH_G75,2493,LEGION_DEATH,6750,420,90,60,45,48,1,1,None,a legionary dying
