LEGION_ATTACK_H0,1406,LEGION_WALK,0,0,45,45,26,40,1,1,None,A legionary attacking
LEGION_ATTACK_H1,1407,LEGION_WALK,45,0,45,45,26,40,1,1,None,A legionary attacking
LEGION_ATTACK_H2,1408,LEGION_WALK,90,0,45,45,26,40,1,1,None,A legionary attacking
LEGION_ATTACK_H3,1409,LEGION_WALK,135,0,45,45,26,40,1,1,None,A legionary attacking
LEGION_ATTACK_H4,1410,LEGION_WALK,180,0,45,45,26,40,1,1,None,A legionary attacking
LEGION_ATTACK_H5,1411,LEGION_WALK,225,0,45,45,26,40,1,1,None,A legionary attacking
LEGION_ATTACK_H6,1412,LEGION_WALK,270,0,45,45,26,40,1,1,None,A legionary attacking
LEGION_ATTACK_H7,1413,LEGION_WALK,315,0,45,45,26,40,1,1,None,A legionary attacking
LEGION_ATTACK_H8,1414,LEGION_WALK,360,0,45,45,26,40,1,1,None,A legionary attacking
LEGION_ATTACK_H9,1415,LEGION_WALK,405,0,45,45,26,40,1,1,None,A legionary attacking
LEGION_ATTACK_H10,1416,LEGION_WALK,450,0,45,45,26,40,1,1,None,A legionary attacking
LEGION_ATTACK_H11,1417,LEGION_WALK,495,0,45,45,26,40,1,1,None,A legionary attacking
LEGION_ATTACK_H12,1418,LEGION_WALK,540,0,45,45,26,40,1,1,None,A legionary attacking
LEGION_ATTACK_H13,1419,LEGION_WALK,585,0,45,45,26,40,1,1,None,A legionary attacking
LEGION_ATTACK_H14,1420,LEGION_WALK,630,0,45,45,26,40,1,1,None,A legionary attacking
LEGION_ATTACK_H15,1421,LEGION_WALK,675,0,45,45,26,40,1,1,None,A legionary attacking
LEGION_ATTACK_H16,1422,LEGION_WALK,720,0,45,45,26,40,1,1,None,A legionary attacking
LEGION_ATTACK_H17,1423,LEGION_WALK,765,0,45,45,26,40,1,1,None,A legionary attacking
LEGION_ATTACK_H18,1424,LEGION_WALK,810,0,45,45,26,40,1,1,None,A legionary attacking
LEGION_ATTACK_H19,1425,LEGION_WALK,855,0,45,45,26,40,1,1,None,A legionary attacking
LEGION_ATTACK_H20,1426,LEGION_WALK,900,0,45,45,26,40,1,1,None,A legionary attacking
LEGION_ATTACK_H21,1427,LEGION_WALK,945,0,45,45,26,40,1,1,None,A legionary attacking
LEGION_ATTACK_H22,1428,LEGION_WALK,990,0,45,45,26,40,1,1,None,A legionary attacking
LEGION_ATTACK_H23,1429,LEGION_WALK,1035,0,45,45,26,40,1,1,None,A legionary attacking
LEGION_ATTACK_H24,1430,LEGION_WALK,1080,0,45,45,26,40,1,1,None,A legionary attacking
LEGION_ATTACK_H25,1431,LEGION_WALK,1125,0,45,45,26,40,1,1,None,A legionary attacking
LEGION_ATTACK_H26,1432,LEGION_WALK,1170,0,45,45,26,40,1,1,None,A legionary attacking
LEGION_ATTACK_H27,1433,LEGION_WALK,1215,0,45,45,26,40,1,1,None,A legionary attacking
LEGION_ATTACK_H28,1434,LEGION_WALK,1260,0,45,45,26,40,1,1,None,A legionary attacking
LEGION_ATTACK_H29,1435,LEGION_WALK,1305,0,45,45,26,40,1,1,None,A legionary attacking
LEGION_ATTACK_H30,1436,LEGION_WALK,1350,0,45,45,26,40,1,1,None,A legionary attacking
LEGION_ATTACK_H31,1437,LEGION_WALK,1395,0,45,45,26,40,1,1,None,A legionary attacking
LEGION_ATTACK_H32,1438,LEGION_WALK,1440,0,45,45,26,40,1,1,None,A legionary attacking
LEGION_ATTACK_H33,1439,LEGION_WALK,1485,0,45,45,26,40,1,1,None,A legionary attacking
LEGION_ATTACK_H34,1440,LEGION_WALK,1530,0,45,45,26,40,1,1,None,A legionary attacking
LEGION_ATTACK_H35,1441,LEGION_WALK,1575,0,45,45,26,40,1,1,None,A legionary attacking
LEGION_ATTACK_H36,1442,LEGION_WALK,1620,0,45,45,26,40,1,1,None,A legionary attacking
LEGION_ATTACK_H37,1443,LEGION_WALK,1665,0,45,45,26,40,1,1,None,A legionary attacking
LEGION_ATTACK_H38,1444,LEGION_WALK,1710,0,45,45,26,40,1,1,None,A legionary attacking
LEGION_ATTACK_H39,1445,LEGION_WALK,1755,0,45,45,26,40,1,1,None,A legionary attacking
LEGION_ATTACK_H40,1446,LEGION_WALK,1800,0,45,45,26,40,1,1,None,A legionary attacking
LEGION_ATTACK_H41,1447,LEGION_WALK,1845,0,45,45,26,40,1,1,None,A legionary attacking
LEGION_ATTACK_H42,1448,LEGION_WALK,1890,0,45,45,26,40,1,1,None,A legionary attacking
LEGION_ATTACK_H43,1449,LEGION_WALK,1935,0,45,45,26,40,1,1,None,A legionary attacking
LEGION_ATTACK_H44,1450,LEGION_WALK,1980,0,45,45,26,40,1,1,None,A legionary attacking
LEGION_ATTACK_H45,1451,LEGION_WALK,2025,0,45,45,26,40,1,1,None,A legionary attacking
LEGION_ATTACK_H46,1452,LEGION_WALK,2070,0,45,45,26,40,1,1,None,A legionary attacking
LEGION_ATTACK_H47,1453,LEGION_WALK,2115,0,45,45,26,40,1,1,None,A legionary attacking
LEGION_ATTACK_H48,1454,LEGION_WALK,2160,0,45,45,26,40,1,1,None,A legionary attacking
LEGION_ATTACK_H49,1455,LEGION_WALK,2205,0,45,45,26,40,1,1,None,A legionary attacking
LEGION_ATTACK_H50,1456,LEGION_WALK,2250,0,45,45,26,40,1,1,None,A legionary attacking
LEGION_ATTACK_H51,1457,LEGION_WALK,2295,0,45,45,26,40,1,1,None,A legionary attacking
LEGION_ATTACK_H52,1458,LEGION_WALK,2340,0,45,45,26,40,1,1,None,A legionary attacking
LEGION_ATTACK_H53,1459,LEGION_WALK,2385,0,45,45,26,40,1,1,None,A legionary attacking
LEGION_ATTACK_H54,1460,LEGION_WALK,2430,0,45,45,26,40,1,1,None,A legionary attacking
LEGION_ATTACK_H55,1461,LEGION_WALK,2475,0,45,45,26,40,1,1,None,A legionary attacking
LEGION_ATTACK_H56,1462,LEGION_WALK,2520,0,45,45,26,40,1,1,None,A legionary attacking
LEGION_ATTACK_H57,1463,LEGION_WALK,2565,0,45,45,26,40,1,1,None,A legionary attacking
LEGION_ATTACK_H58,1464,LEGION_WALK,2610,0,45,45,26,40,1,1,None,A legionary attacking
LEGION_ATTACK_H59,1465,LEGION_WALK,2655,0,45,45,26,40,1,1,None,A legionary attacking
LEGION_ATTACK_A0,1466,LEGION_WALK,0,45,45,45,26,40,1,1,None,A legionary attacking
LEGION_ATTACK_A1,1467,LEGION_WALK,45,45,45,45,26,40,1,1,None,A legionary attacking
LEGION_ATTACK_A2,1468,LEGION_WALK,90,45,45,45,26,40,1,1,None,A legionary attacking
LEGION_ATTACK_A3,1469,LEGION_WALK,135,45,45,45,26,40,1,1,None,A legionary attacking
LEGION_ATTACK_A4,1470,LEGION_WALK,180,45,45,45,26,40,1,1,None,A legionary attacking
LEGION_ATTACK_A5,1471,LEGION_WALK,225,45,45,45,26,40,1,1,None,A legionary attacking
LEGION_ATTACK_A6,1472,LEGION_WALK,270,45,45,45,26,40,1,1,None,A legionary attacking
LEGION_ATTACK_A7,1473,LEGION_WALK,315,45,45,45,26,40,1,1,None,A legionary attacking
LEGION_ATTACK_A8,1474,LEGION_WALK,360,45,45,45,26,40,1,1,None,A legionary attacking
LEGION_ATTACK_A9,1475,LEGION_WALK,405,45,45,45,26,40,1,1,None,A legionary attacking
LEGION_ATTACK_A10,1476,LEGION_WALK,450,45,45,45,26,40,1,1,None,A legionary attacking
LEGION_ATTACK_A11,1477,LEGION_WALK,495,45,45,45,26,40,1,1,None,A legionary attacking
LEGION_ATTACK_A12,1478,LEGION_WALK,540,45,45,45,26,40,1,1,None,A legionary attacking
LEGION_ATTACK_A13,1479,LEGION_WALK,585,45,45,45,26,40,1,1,None,A legionary attacking
LEGION_ATTACK_A14,1480,LEGION_WALK,630,45,45,45,26,40,1,1,None,A legionary attacking
LEGION_ATTACK_A15,1481,LEGION_WALK,675,45,45,45,26,40,1,1,None,A legionary attacking
LEGION_ATTACK_A16,1482,LEGION_WALK,720,45,45,45,26,40,1,1,None,A legionary attacking
LEGION_ATTACK_A17,1483,LEGION_WALK,765,45,45,45,26,40,1,1,None,A legionary attacking
LEGION_ATTACK_A18,1484,LEGION_WALK,810,45,45,45,26,40,1,1,None,A legionary attacking
LEGION_ATTACK_A19,1485,LEGION_WALK,855,45,45,45,26,40,1,1,None,A legionary attacking
LEGION_ATTACK_A20,1486,LEGION_WALK,900,45,45,45,26,40,1,1,None,A legionary attacking
LEGION_ATTACK_A21,1487,LEGION_WALK,945,45,45,45,26,40,1,1,None,A legionary attacking
LEGION_ATTACK_A22,1488,LEGION_WALK,990,45,45,45,26,40,1,1,None,A legionary attacking
LEGION_ATTACK_A23,1489,LEGION_WALK,1035,45,45,45,26,40,1,1,None,A legionary attacking
LEGION_ATTACK_A24,1490,LEGION_WALK,1080,45,45,45,26,40,1,1,None,A legionary attacking
LEGION_ATTACK_A25,1491,LEGION_WALK,1125,45,45,45,26,40,1,1,None,A legionary attacking
LEGION_ATTACK_A26,1492,LEGION_WALK,1170,45,45,45,26,40,1,1,None,A legionary attacking
LEGION_ATTACK_A27,1493,LEGION_WALK,1215,45,45,45,26,40,1,1,None,A legionary attacking
LEGION_ATTACK_A28,1494,LEGION_WALK,1260,45,45,45,26,40,1,1,None,A legionary attacking
LEGION_ATTACK_A29,1495,LEGION_WALK,1305,45,45,45,26,40,1,1,None,A legionary attacking
LEGION_ATTACK_A30,1496,LEGION_WALK,1350,45,45,45,26,40,1,1,None,A legionary attacking
LEGION_ATTACK_A31,1497,LEGION_WALK,1395,45,45,45,26,40,1,1,None,A legionary attacking
LEGION_ATTACK_A32,1498,LEGION_WALK,1440,45,45,45,26,40,1,1,None,A legionary attacking
LEGION_ATTACK_A33,1499,LEGION_WALK,1485,45,45,45,26,40,1,1,None,A legionary attacking
LEGION_ATTACK_A34,1500,LEGION_WALK,1530,45,45,45,26,40,1,1,None,A legionary attacking
LEGION_ATTACK_A35,1501,LEGION_WALK,1575,45,45,45,26,40,1,1,None,A legionary attacking
LEGION_ATTACK_A36,1502,LEGION_WALK,1620,45,45,45,26,40,1,1,None,A legionary attacking
LEGION_ATTACK_A37,1503,LEGION_WALK,1665,45,45,45,26,40,1,1,None,A legionary attacking
LEGION_ATTACK_A38,1504,LEGION_WALK,1710,45,45,45,26,40,1,1,None,A legionary attacking
LEGION_ATTACK_A39,1505,LEGION_WALK,1755,45,45,45,26,40,1,1,None,A legionary attacking
LEGION_ATTACK_A40,1506,LEGION_WALK,1800,45,45,45,26,40,1,1,None,A legionary attacking
LEGION_ATTACK_A41,1507,LEGION_WALK,1845,45,45,45,26,40,1,1,None,A legionary attacking
LEGION_ATTACK_A42,1508,LEGION_WALK,1890,45,45,45,26,40,1,1,None,A legionary attacking
LEGION_ATTACK_A43,1509,LEGION_WALK,1935,45,45,45,26,40,1,1,None,A legionary attacking
LEGION_ATTACK_A44,1510,LEGION_WALK,1980,45,45,45,26,40,1,1,None,A legionary attacking
LEGION_ATTACK_A45,1511,LEGION_WALK,2025,45,45,45,26,40,1,1,None,A legionary attacking
LEGION_ATTACK_A46,1512,LEGION_WALK,2070,45,45,45,26,40,1,1,None,A legionary attacking
LEGION_ATTACK_A47,1513,LEGION_WALK,2115,45,45,45,26,40,1,1,None,A legionary attacking
LEGION_ATTACK_A48,1514,LEGION_WALK,2160,45,45,45,26,40,1,1,None,A legionary attacking
LEGION_ATTACK_A49,1515,LEGION_WALK,2205,45,45,45,26,40,1,1,None,A legionary attacking
LEGION_ATTACK_A50,1516,LEGION_WALK,2250,45,45,45,26,40,1,1,None,A legionary attacking
LEGION_ATTACK_A51,1517,LEGION_WALK,2295,45,45,45,26,40,1,1,None,A legionary attacking
LEGION_ATTACK_A52,1518,LEGION_WALK,2340,45,45,45,26,40,1,1,None,A legionary attacking
LEGION_ATTACK_A53,1519,LEGION_WALK,2385,45,45,45,26,40,1,1,None,A legionary attacking
LEGION_ATTACK_A54,1520,LEGION_WALK,2430,45,45,45,26,40,1,1,None,A legionary attacking
LEGION_ATTACK_A55,1521,LEGION_WALK,2475,45,45,45,26,40,1,1,None,A legionary attacking
LEGION_ATTACK_A56,1522,LEGION_WALK,2520,45,45,45,26,40,1,1,None,A legionary attacking
LEGION_ATTACK_A57,1523,LEGION_WALK,2565,45,45,45,26,40,1,1,None,A legionary attacking
LEGION_ATTACK_A58,1524,LEGION_WALK,2610,45,45,45,26,40,1,1,None,A legionary attacking
LEGION_ATTACK_A59,1525,LEGION_WALK,2655,45,45,45,26,40,1,1,None,A legionary attacking
LEGION_ATTACK_B0,1526,LEGION_WALK,0,45,45,45,26,40,1,1,None,A legionary attacking
LEGION_ATTACK_B1,1527,LEGION_WALK,45,45,45,45,26,40,1,1,None,A legionary attacking
LEGION_ATTACK_B2,1528,LEGION_WALK,90,45,45,45,26,40,1,1,None,A legionary attacking
LEGION_ATTACK_B3,1529,LEGION_WALK,135,45,45,45,26,40,1,1,None,A legionary attacking
LEGION_ATTACK_B4,1530,LEGION_WALK,180,45,45,45,26,40,1,1,None,A legionary attacking
LEGION_ATTACK_B5,1531,LEGION_WALK,225,45,45,45,26,40,1,1,None,A legionary attacking
LEGION_ATTACK_B6,1532,LEGION_WALK,270,45,45,45,26,40,1,1,None,A legionary attacking
LEGION_ATTACK_B7,1533,LEGION_WALK,315,45,45,45,26,40,1,1,None,A legionary attacking
LEGION_ATTACK_B8,1534,LEGION_WALK,360,45,45,45,26,40,1,1,None,A legionary attacking
LEGION_ATTACK_B9,1535,LEGION_WALK,405,45,45,45,26,40,1,1,None,A legionary attacking
LEGION_ATTACK_B10,1536,LEGION_WALK,450,45,45,45,26,40,1,1,None,A legionary attacking
LEGION_ATTACK_B11,1537,LEGION_WALK,495,45,45,45,26,40,1,1,None,A legionary attacking
LEGION_ATTACK_B12,1538,LEGION_WALK,540,45,45,45,26,40,1,1,None,A legionary attacking
LEGION_ATTACK_B13,1539,LEGION_WALK,585,45,45,45,26,40,1,1,None,A legionary attacking
LEGION_ATTACK_B14,1540,LEGION_WALK,630,45,45,45,26,40,1,1,None,A legionary attacking
LEGION_ATTACK_B15,1541,LEGION_WALK,675,45,45,45,26,40,1,1,None,A legionary attacking
LEGION_ATTACK_B16,1542,LEGION_WALK,720,45,45,45,26,40,1,1,None,A legionary attacking
LEGION_ATTACK_B17,1543,LEGION_WALK,765,45,45,45,26,40,1,1,None,A legionary attacking
LEGION_ATTACK_B18,1544,LEGION_WALK,810,45,45,45,26,40,1,1,None,A legionary attacking
LEGION_ATTACK_B19,1545,LEGION_WALK,855,45,45,45,26,40,1,1,None,A legionary attacking
LEGION_ATTACK_B20,1546,LEGION_WALK,900,45,45,45,26,40,1,1,None,A legionary attacking
LEGION_ATTACK_B21,1547,LEGION_WALK,945,45,45,45,26,40,1,1,None,A legionary attacking
LEGION_ATTACK_B22,1548,LEGION_WALK,990,45,45,45,26,40,1,1,None,A legionary attacking
LEGION_ATTACK_B23,1549,LEGION_WALK,1035,45,45,45,26,40,1,1,None,A legionary attacking
LEGION_ATTACK_B24,1550,LEGION_WALK,1080,45,45,45,26,40,1,1,None,A legionary attacking
LEGION_ATTACK_B25,1551,LEGION_WALK,1125,45,45,45,26,40,1,1,None,A legionary attacking
LEGION_ATTACK_B26,1552,LEGION_WALK,1170,45,45,45,26,40,1,1,None,A legionary attacking
LEGION_ATTACK_B27,1553,LEGION_WALK,1215,45,45,45,26,40,1,1,None,A legionary attacking
LEGION_ATTACK_B28,1554,LEGION_WALK,1260,45,45,45,26,40,1,1,None,A legionary attacking
LEGION_ATTACK_B29,1555,LEGION_WALK,1305,45,45,45,26,40,1,1,None,A legionary attacking
LEGION_ATTACK_B30,1556,LEGION_WALK,1350,45,45,45,26,40,1,1,None,A legionary attacking
LEGION_ATTACK_B31,1557,LEGION_WALK,1395,45,45,45,26,40,1,1,None,A legionary attacking
LEGION_ATTACK_B32,1558,LEGION_WALK,1440,45,45,45,26,40,1,1,None,A legionary attacking
LEGION_ATTACK_B33,1559,LEGION_WALK,1485,45,45,45,26,40,1,1,None,A legionary attacking
LEGION_ATTACK_B34,1560,LEGION_WALK,1530,45,45,45,26,40,1,1,None,A legionary attacking
LEGION_ATTACK_B35,1561,LEGION_WALK,1575,45,45,45,26,40,1,1,None,A legionary attacking
LEGION_ATTACK_B36,1562,LEGION_WALK,1620,45,45,45,26,40,1,1,None,A legionary attacking
LEGION_ATTACK_B37,1563,LEGION_WALK,1665,45,45,45,26,40,1,1,None,A legionary attacking
LEGION_ATTACK_B38,1564,LEGION_WALK,1710,45,45,45,26,40,1,1,None,A legionary attacking
LEGION_ATTACK_B39,1565,LEGION_WALK,1755,45,45,45,26,40,1,1,None,A legionary attacking
LEGION_ATTACK_B40,1566,LEGION_WALK,1800,45,45,45,26,40,1,1,None,A legionary attacking
LEGION_ATTACK_B41,1567,LEGION_WALK,1845,45,45,45,26,40,1,1,None,A legionary attacking
LEGION_ATTACK_B42,1568,LEGION_WALK,1890,45,45,45,26,40,1,1,None,A legionary attacking
LEGION_ATTACK_B43,1569,LEGION_WALK,1935,45,45,45,26,40,1,1,None,A legionary attacking
LEGION_ATTACK_B44,1570,LEGION_WALK,1980,45,45,45,26,40,1,1,None,A legionary attacking
LEGION_ATTACK_B45,1571,LEGION_WALK,2025,45,45,45,26,40,1,1,None,A legionary attacking
LEGION_ATTACK_B46,1572,LEGION_WALK,2070,45,45,45,26,40,1,1,None,A legionary attacking
LEGION_ATTACK_B47,1573,LEGION_WALK,2115,45,45,45,26,40,1,1,None,A legionary attacking
LEGION_ATTACK_B48,1574,LEGION_WALK,2160,45,45,45,26,40,1,1,None,A legionary attacking
LEGION_ATTACK_B49,1575,LEGION_WALK,2205,45,45,45,26,40,1,1,None,A legionary attacking
LEGION_ATTACK_B50,1576,LEGION_WALK,2250,45,45,45,26,40,1,1,None,A legionary attacking
LEGION_ATTACK_B51,1577,LEGION_WALK,2295,45,45,45,26,40,1,1,None,A legionary attacking
LEGION_ATTACK_B52,1578,LEGION_WALK,2340,45,45,45,26,40,1,1,None,A legionary attacking
LEGION_ATTACK_B53,1579,LEGION_WALK,2385,45,45,45,26,40,1,1,None,A legionary attacking
LEGION_ATTACK_B54,1580,LEGION_WALK,2430,45,45,45,26,40,1,1,None,A legionary attacking
LEGION_ATTACK_B55,1581,LEGION_WALK,2475,45,45,45,26,40,1,1,None,A legionary attacking
LEGION_ATTACK_B56,1582,LEGION_WALK,2520,45,45,45,26,40,1,1,None,A legionary attacking
LEGION_ATTACK_B57,1583,LEGION_WALK,2565,45,45,45,26,40,1,1,None,A legionary attacking
LEGION_ATTACK_B58,1584,LEGION_WALK,2610,45,45,45,26,40,1,1,None,A legionary attacking
LEGION_ATTACK_B59,1585,LEGION_WALK,2655,45,45,45,26,40,1,1,None,A legionary attacking
LEGION_ATTACK_C0,1586,LEGION_WALK,0,90,45,45,26,40,1,1,None,A legionary attacking
LEGION_ATTACK_C1,1587,LEGION_WALK,45,90,45,45,26,40,1,1,None,A legionary attacking
LEGION_ATTACK_C2,1588,LEGION_WALK,90,90,45,45,26,40,1,1,None,A legionary attacking
LEGION_ATTACK_C3,1589,LEGION_WALK,135,90,45,45,26,40,1,1,None,A legionary attacking
LEGION_ATTACK_C4,1590,LEGION_WALK,180,90,45,45,26,40,1,1,None,A legionary attacking
LEGION_ATTACK_C5,1591,LEGION_WALK,225,90,45,45,26,40,1,1,None,A legionary attacking
LEGION_ATTACK_C6,1592,LEGION_WALK,270,90,45,45,26,40,1,1,None,A legionary attacking
LEGION_ATTACK_C7,1593,LEGION_WALK,315,90,45,45,26,40,1,1,None,A legionary attacking
LEGION_ATTACK_C8,1594,LEGION_WALK,360,90,45,45,26,40,1,1,None,A legionary attacking
LEGION_ATTACK_C9,1595,LEGION_WALK,405,90,45,45,26,40,1,1,None,A legionary attacking
LEGION_ATTACK_C10,1596,LEGION_WALK,450,90,45,45,26,40,1,1,None,A legionary attacking
LEGION_ATTACK_C11,1597,LEGION_WALK,495,90,45,45,26,40,1,1,None,A legionary attacking
LEGION_ATTACK_C12,1598,LEGION_WALK,540,90,45,45,26,40,1,1,None,A legionary attacking
LEGION_ATTACK_C13,1599,LEGION_WALK,585,90,45,45,26,40,1,1,None,A legionary attacking
LEGION_ATTACK_C14,1600,LEGION_WALK,630,90,45,45,26,40,1,1,None,A legionary attacking
LEGION_ATTACK_C15,1601,LEGION_WALK,675,90,45,45,26,40,1,1,None,A legionary attacking
LEGION_ATTACK_C16,1602,LEGION_WALK,720,90,45,45,26,40,1,1,None,A legionary attacking
LEGION_ATTACK_C17,1603,LEGION_WALK,765,90,45,45,26,40,1,1,None,A legionary attacking
LEGION_ATTACK_C18,1604,LEGION_WALK,810,90,45,45,26,40,1,1,None,A legionary attacking
LEGION_ATTACK_C19,1605,LEGION_WALK,855,90,45,45,26,40,1,1,None,A legionary attacking
LEGION_ATTACK_C20,1606,LEGION_WALK,900,90,45,45,26,40,1,1,None,A legionary attacking
LEGION_ATTACK_C21,1607,LEGION_WALK,945,90,45,45,26,40,1,1,None,A legionary attacking
LEGION_ATTACK_C22,1608,LEGION_WALK,990,90,45,45,26,40,1,1,None,A legionary attacking
LEGION_ATTACK_C23,1609,LEGION_WALK,1035,90,45,45,26,40,1,1,None,A legionary attacking
LEGION_ATTACK_C24,1610,LEGION_WALK,1080,90,45,45,26,40,1,1,None,A legionary attacking
LEGION_ATTACK_C25,1611,LEGION_WALK,1125,90,45,45,26,40,1,1,None,A legionary attacking
LEGION_ATTACK_C26,1612,LEGION_WALK,1170,90,45,45,26,40,1,1,None,A legionary attacking
LEGION_ATTACK_C27,1613,LEGION_WALK,1215,90,45,45,26,40,1,1,None,A legionary attacking
LEGION_ATTACK_C28,1614,LEGION_WALK,1260,90,45,45,26,40,1,1,None,A legionary attacking
LEGION_ATTACK_C29,1615,LEGION_WALK,1305,90,45,45,26,40,1,1,None,A legionary attacking
LEGION_ATTACK_C30,1616,LEGION_WALK,1350,90,45,45,26,40,1,1,None,A legionary attacking
LEGION_ATTACK_C31,1617,LEGION_WALK,1395,90,45,45,26,40,1,1,None,A legionary attacking
LEGION_ATTACK_C32,1618,LEGION_WALK,1440,90,45,45,26,40,1,1,None,A legionary attacking
LEGION_ATTACK_C33,1619,LEGION_WALK,1485,90,45,45,26,40,1,1,None,A legionary attacking
LEGION_ATTACK_C34,1620,LEGION_WALK,1530,90,45,45,26,40,1,1,None,A legionary attacking
LEGION_ATTACK_C35,1621,LEGION_WALK,1575,90,45,45,26,40,1,1,None,A legionary attacking
LEGION_ATTACK_C36,1622,LEGION_WALK,1620,90,45,45,26,40,1,1,None,A legionary attacking
LEGION_ATTACK_C37,1623,LEGION_WALK,1665,90,45,45,26,40,1,1,None,A legionary attacking
LEGION_ATTACK_C38,1624,LEGION_WALK,1710,90,45,45,26,40,1,1,None,A legionary attacking
LEGION_ATTACK_C39,1625,LEGION_WALK,1755,90,45,45,26,40,1,1,None,A legionary attacking
LEGION_ATTACK_C40,1626,LEGION_WALK,1800,90,45,45,26,40,1,1,None,A legionary attacking
LEGION_ATTACK_C41,1627,LEGION_WALK,1845,90,45,45,26,40,1,1,None,A legionary attacking
LEGION_ATTACK_C42,1628,LEGION_WALK,1890,90,45,45,26,40,1,1,None,A legionary attacking
LEGION_ATTACK_C43,1629,LEGION_WALK,1935,90,45,45,26,40,1,1,None,A legionary attacking
LEGION_ATTACK_C44,1630,LEGION_WALK,1980,90,45,45,26,40,1,1,None,A legionary attacking
LEGION_ATTACK_C45,1631,LEGION_WALK,2025,90,45,45,26,40,1,1,None,A legionary attacking
LEGION_ATTACK_C46,1632,LEGION_WALK,2070,90,45,45,26,40,1,1,None,A legionary attacking
LEGION_ATTACK_C47,1633,LEGION_WALK,2115,90,45,45,26,40,1,1,None,A legionary attacking
LEGION_ATTACK_C48,1634,LEGION_WALK,2160,90,45,45,26,40,1,1,None,A legionary attacking
LEGION_ATTACK_C49,1635,LEGION_WALK,2205,90,45,45,26,40,1,1,None,A legionary attacking
LEGION_ATTACK_C50,1636,LEGION_WALK,2250,90,45,45,26,40,1,1,None,A legionary attacking
LEGION_ATTACK_C51,1637,LEGION_WALK,2295,90,45,45,26,40,1,1,None,A legionary attacking
LEGION_ATTACK_C52,1638,LEGION_WALK,2340,90,45,45,26,40,1,1,None,A legionary attacking
LEGION_ATTACK_C53,1639,LEGION_WALK,2385,90,45,45,26,40,1,1,None,A legionary attacking
LEGION_ATTACK_C54,1640,LEGION_WALK,2430,90,45,45,26,40,1,1,None,A legionary attacking
LEGION_ATTACK_C55,1641,LEGION_WALK,2475,90,45,45,26,40,1,1,None,A legionary attacking
LEGION_ATTACK_C56,1642,LEGION_WALK,2520,90,45,45,26,40,1,1,None,A legionary attacking
LEGION_ATTACK_C57,1643,LEGION_WALK,2565,90,45,45,26,40,1,1,None,A legionary attacking
LEGION_ATTACK_C58,1644,LEGION_WALK,2610,90,45,45,26,40,1,1,None,A legionary attacking
LEGION_ATTACK_C59,1645,LEGION_WALK,2655,90,45,45,26,40,1,1,None,A legionary attacking
LEGION_ATTACK_D0,1646,LEGION_WALK,0,135,45,45,26,40,1,1,None,A legionary attacking
LEGION_ATTACK_D1,1647,LEGION_WALK,45,135,45,45,26,40,1,1,None,A legionary attacking
LEGION_ATTACK_D2,1648,LEGION_WALK,90,135,45,45,26,40,1,1,None,A legionary attacking
LEGION_ATTACK_D3,1649,LEGION_WALK,135,135,45,45,26,40,1,1,None,A legionary attacking
LEGION_ATTACK_D4,1650,LEGION_WALK,180,135,45,45,26,40,1,1,None,A legionary attacking
LEGION_ATTACK_D5,1651,LEGION_WALK,225,135,45,45,26,40,1,1,None,A legionary attacking
LEGION_ATTACK_D6,1652,LEGION_WALK,270,135,45,45,26,40,1,1,None,A legionary attacking
LEGION_ATTACK_D7,1653,LEGION_WALK,315,135,45,45,26,40,1,1,None,A legionary attacking
LEGION_ATTACK_D8,1654,LEGION_WALK,360,135,45,45,26,40,1,1,None,A legionary attacking
LEGION_ATTACK_D9,1655,LEGION_WALK,405,135,45,45,26,40,1,1,None,A legionary attacking
LEGION_ATTACK_D10,1656,LEGION_WALK,450,135,45,45,26,40,1,1,None,A legionary attacking
LEGION_ATTACK_D11,1657,LEGION_WALK,495,135,45,45,26,40,1,1,None,A legionary attacking
LEGION_ATTACK_D12,1658,LEGION_WALK,540,135,45,45,26,40,1,1,None,A legionary attacking
LEGION_ATTACK_D13,1659,LEGION_WALK,585,135,45,45,26,40,1,1,None,A legionary attacking
LEGION_ATTACK_D14,1660,LEGION_WALK,630,135,45,45,26,40,1,1,None,A legionary attacking
LEGION_ATTACK_D15,1661,LEGION_WALK,675,135,45,45,26,40,1,1,None,A legionary attacking
LEGION_ATTACK_D16,1662,LEGION_WALK,720,135,45,45,26,40,1,1,None,A legionary attacking
LEGION_ATTACK_D17,1663,LEGION_WALK,765,135,45,45,26,40,1,1,None,A legionary attacking
LEGION_ATTACK_D18,1664,LEGION_WALK,810,135,45,45,26,40,1,1,None,A legionary attacking
LEGION_ATTACK_D19,1665,LEGION_WALK,855,135,45,45,26,40,1,1,None,A legionary attacking
LEGION_ATTACK_D20,1666,LEGION_WALK,900,135,45,45,26,40,1,1,None,A legionary attacking
LEGION_ATTACK_D21,1667,LEGION_WALK,945,135,45,45,26,40,1,1,None,A legionary attacking
LEGION_ATTACK_D22,1668,LEGION_WALK,990,135,45,45,26,40,1,1,None,A legionary attacking
LEGION_ATTACK_D23,1669,LEGION_WALK,1035,135,45,45,26,40,1,1,None,A legionary attacking
LEGION_ATTACK_D24,1670,LEGION_WALK,1080,135,45,45,26,40,1,1,None,A legionary attacking
LEGION_ATTACK_D25,1671,LEGION_WALK,1125,135,45,45,26,40,1,1,None,A legionary attacking
LEGION_ATTACK_D26,1672,LEGION_WALK,1170,135,45,45,26,40,1,1,None,A legionary attacking
LEGION_ATTACK_D27,1673,LEGION_WALK,1215,135,45,45,26,40,1,1,None,A legionary attacking
LEGION_ATTACK_D28,1674,LEGION_WALK,1260,135,45,45,26,40,1,1,None,A legionary attacking
LEGION_ATTACK_D29,1675,LEGION_WALK,1305,135,45,45,26,40,1,1,None,A legionary attacking
LEGION_ATTACK_D30,1676,LEGION_WALK,1350,135,45,45,26,40,1,1,None,A legionary attacking
LEGION_ATTACK_D31,1677,LEGION_WALK,1395,135,45,45,26,40,1,1,None,A legionary attacking
LEGION_ATTACK_D32,1678,LEGION_WALK,1440,135,45,45,26,40,1,1,None,A legionary attacking
LEGION_ATTACK_D33,1679,LEGION_WALK,1485,135,45,45,26,40,1,1,None,A legionary attacking
LEGION_ATTACK_D34,1680,LEGION_WALK,1530,135,45,45,26,40,1,1,None,A legionary attacking
LEGION_ATTACK_D35,1681,LEGION_WALK,1575,135,45,45,26,40,1,1,None,A legionary attacking
LEGION_ATTACK_D36,1682,LEGION_WALK,1620,135,45,45,26,40,1,1,None,A legionary attacking
LEGION_ATTACK_D37,1683,LEGION_WALK,1665,135,45,45,26,40,1,1,None,A legionary attacking
LEGION_ATTACK_D38,1684,LEGION_WALK,1710,135,45,45,26,40,1,1,None,A legionary attacking
LEGION_ATTACK_D39,1685,LEGION_WALK,1755,135,45,45,26,40,1,1,None,A legionary attacking
LEGION_ATTACK_D40,1686,LEGION_WALK,1800,135,45,45,26,40,1,1,None,A legionary attacking
LEGION_ATTACK_D41,1687,LEGION_WALK,1845,135,45,45,26,40,1,1,None,A legionary attacking
LEGION_ATTACK_D42,1688,LEGION_WALK,1890,135,45,45,26,40,1,1,None,A legionary attacking
LEGION_ATTACK_D43,1689,LEGION_WALK,1935,135,45,45,26,40,1,1,None,A legionary attacking
LEGION_ATTACK_D44,1690,LEGION_WALK,1980,135,45,45,26,40,1,1,None,A legionary attacking
LEGION_ATTACK_D45,1691,LEGION_WALK,2025,135,45,45,26,40,1,1,None,A legionary attacking
LEGION_ATTACK_D46,1692,LEGION_WALK,2070,135,45,45,26,40,1,1,None,A legionary attacking
LEGION_ATTACK_D47,1693,LEGION_WALK,2115,135,45,45,26,40,1,1,None,A legionary attacking
LEGION_ATTACK_D48,1694,LEGION_WALK,2160,135,45,45,26,40,1,1,None,A legionary attacking
LEGION_ATTACK_D49,1695,LEGION_WALK,2205,135,45,45,26,40,1,1,None,A legionary attacking
LEGION_ATTACK_D50,1696,LEGION_WALK,2250,135,45,45,26,40,1,1,None,A legionary attacking
LEGION_ATTACK_D51,1697,LEGION_WALK,2295,135,45,45,26,40,1,1,None,A legionary attacking
LEGION_ATTACK_D52,1698,LEGION_WALK,2340,135,45,45,26,40,1,1,None,A legionary attacking
LEGION_ATTACK_D53,1699,LEGION_WALK,2385,135,45,45,26,40,1,1,None,A legionary attacking
LEGION_ATTACK_D54,1700,LEGION_WALK,2430,135,45,45,26,40,1,1,None,A legionary attacking
LEGION_ATTACK_D55,1701,LEGION_WALK,2475,135,45,45,26,40,1,1,None,A legionary attacking
LEGION_ATTACK_D56,1702,LEGION_WALK,2520,135,45,45,26,40,1,1,None,A legionary attacking
LEGION_ATTACK_D57,1703,LEGION_WALK,2565,135,45,45,26,40,1,1,None,A legionary attacking
LEGION_ATTACK_D58,1704,LEGION_WALK,2610,135,45,45,26,40,1,1,None,A legionary attacking
LEGION_ATTACK_D59,1705,LEGION_WALK,2655,135,45,45,26,40,1,1,None,A legionary attacking
LEGION_ATTACK_E0,1706,LEGION_WALK,0,180,45,45,26,40,1,1,None,A legionary attacking
LEGION_ATTACK_E1,1707,LEGION_WALK,45,180,45,45,26,40,1,1,None,A legionary attacking
LEGION_ATTACK_E2,1708,LEGION_WALK,90,180,45,45,26,40,1,1,None,A legionary attacking
LEGION_ATTACK_E3,1709,LEGION_WALK,135,180,45,45,26,40,1,1,None,A legionary attacking
LEGION_ATTACK_E4,1710,LEGION_WALK,180,180,45,45,26,40,1,1,None,A legionary attacking
LEGION_ATTACK_E5,1711,LEGION_WALK,225,180,45,45,26,40,1,1,None,A legionary attacking
LEGION_ATTACK_E6,1712,LEGION_WALK,270,180,45,45,26,40,1,1,None,A legionary attacking
LEGION_ATTACK_E7,1713,LEGION_WALK,315,180,45,45,26,40,1,1,None,A legionary attacking
LEGION_ATTACK_E8,1714,LEGION_WALK,360,180,45,45,26,40,1,1,None,A legionary attacking
LEGION_ATTACK_E9,1715,LEGION_WALK,405,180,45,45,26,40,1,1,None,A legionary attacking
LEGION_ATTACK_E10,1716,LEGION_WALK,450,180,45,45,26,40,1,1,None,A legionary attacking
LEGION_ATTACK_E11,1717,LEGION_WALK,495,180,45,45,26,40,1,1,None,A legionary attacking
LEGION_ATTACK_E12,1718,LEGION_WALK,540,180,45,45,26,40,1,1,None,A legionary attacking
LEGION_ATTACK_E13,1719,LEGION_WALK,585,180,45,45,26,40,1,1,None,A legionary attacking
LEGION_ATTACK_E14,1720,LEGION_WALK,630,180,45,45,26,40,1,1,None,A legionary attacking
LEGION_ATTACK_E15,1721,LEGION_WALK,675,180,45,45,26,40,1,1,None,A legionary attacking
LEGION_ATTACK_E16,1722,LEGION_WALK,720,180,45,45,26,40,1,1,None,A legionary attacking
LEGION_ATTACK_E17,1723,LEGION_WALK,765,180,45,45,26,40,1,1,None,A legionary attacking
LEGION_ATTACK_E18,1724,LEGION_WALK,810,180,45,45,26,40,1,1,None,A legionary attacking
LEGION_ATTACK_E19,1725,LEGION_WALK,855,180,45,45,26,40,1,1,None,A legionary attacking
LEGION_ATTACK_E20,1726,LEGION_WALK,900,180,45,45,26,40,1,1,None,A legionary attacking
LEGION_ATTACK_E21,1727,LEGION_WALK,945,180,45,45,26,40,1,1,None,A legionary attacking
LEGION_ATTACK_E22,1728,LEGION_WALK,990,180,45,45,26,40,1,1,None,A legionary attacking
LEGION_ATTACK_E23,1729,LEGION_WALK,1035,180,45,45,26,40,1,1,None,A legionary attacking
LEGION_ATTACK_E24,1730,LEGION_WALK,1080,180,45,45,26,40,1,1,None,A legionary attacking
LEGION_ATTACK_E25,1731,LEGION_WALK,1125,180,45,45,26,40,1,1,None,A legionary attacking
LEGION_ATTACK_E26,1732,LEGION_WALK,1170,180,45,45,26,40,1,1,None,A legionary attacking
LEGION_ATTACK_E27,1733,LEGION_WALK,1215,180,45,45,26,40,1,1,None,A legionary attacking
LEGION_ATTACK_E28,1734,LEGION_WALK,1260,180,45,45,26,40,1,1,None,A legionary attacking
LEGION_ATTACK_E29,1735,LEGION_WALK,1305,180,45,45,26,40,1,1,None,A legionary attacking
LEGION_ATTACK_E30,1736,LEGION_WALK,1350,180,45,45,26,40,1,1,None,A legionary attacking
LEGION_ATTACK_E31,1737,LEGION_WALK,1395,180,45,45,26,40,1,1,None,A legionary attacking
LEGION_ATTACK_E32,1738,LEGION_WALK,1440,180,45,45,26,40,1,1,None,A legionary attacking
LEGION_ATTACK_E33,1739,LEGION_WALK,1485,180,45,45,26,40,1,1,None,A legionary attacking
LEGION_ATTACK_E34,1740,LEGION_WALK,1530,180,45,45,26,40,1,1,None,A legionary attacking
LEGION_ATTACK_E35,1741,LEGION_WALK,1575,180,45,45,26,40,1,1,None,A legionary attacking
LEGION_ATTACK_E36,1742,LEGION_WALK,1620,180,45,45,26,40,1,1,None,A legionary attacking
LEGION_ATTACK_E37,1743,LEGION_WALK,1665,180,45,45,26,40,1,1,None,A legionary attacking
LEGION_ATTACK_E38,1744,LEGION_WALK,1710,180,45,45,26,40,1,1,None,A legionary attacking
LEGION_ATTACK_E39,1745,LEGION_WALK,1755,180,45,45,26,40,1,1,None,A legionary attacking
LEGION_ATTACK_E40,1746,LEGION_WALK,1800,180,45,45,26,40,1,1,None,A legionary attacking
LEGION_ATTACK_E41,1747,LEGION_WALK,1845,180,45,45,26,40,1,1,None,A legionary attacking
LEGION_ATTACK_E42,1748,LEGION_WALK,1890,180,45,45,26,40,1,1,None,A legionary attacking
LEGION_ATTACK_E43,1749,LEGION_WALK,1935,180,45,45,26,40,1,1,None,A legionary attacking
LEGION_ATTACK_E44,1750,LEGION_WALK,1980,180,45,45,26,40,1,1,None,A legionary attacking
LEGION_ATTACK_E45,1751,LEGION_WALK,2025,180,45,45,26,40,1,1,None,A legionary attacking
LEGION_ATTACK_E46,1752,LEGION_WALK,2070,180,45,45,26,40,1,1,None,A legionary attacking
LEGION_ATTACK_E47,1753,LEGION_WALK,2115,180,45,45,26,40,1,1,None,A legionary attacking
LEGION_ATTACK_E48,1754,LEGION_WALK,2160,180,45,45,26,40,1,1,None,A legionary attacking
LEGION_ATTACK_E49,1755,LEGION_WALK,2205,180,45,45,26,40,1,1,None,A legionary attacking
LEGION_ATTACK_E50,1756,LEGION_WALK,2250,180,45,45,26,40,1,1,None,A legionary attacking
LEGION_ATTACK_E51,1757,LEGION_WALK,2295,180,45,45,26,40,1,1,None,A legionary attacking
LEGION_ATTACK_E52,1758,LEGION_WALK,2340,180,45,45,26,40,1,1,None,A legionary attacking
LEGION_ATTACK_E53,1759,LEGION_WALK,2385,180,45,45,26,40,1,1,None,A legionary attacking
LEGION_ATTACK_E54,1760,LEGION_WALK,2430,180,45,45,26,40,1,1,None,A legionary attacking
LEGION_ATTACK_E55,1761,LEGION_WALK,2475,180,45,45,26,40,1,1,None,A legionary attacking
LEGION_ATTACK_E56,1762,LEGION_WALK,2520,180,45,45,26,40,1,1,None,A legionary attacking
LEGION_ATTACK_E57,1763,LEGION_WALK,2565,180,45,45,26,40,1,1,None,A legionary attacking
LEGION_ATTACK_E58,1764,LEGION_WALK,2610,180,45,45,26,40,1,1,None,A legionary attacking
LEGION_ATTACK_E59,1765,LEGION_WALK,2655,180,45,45,26,40,1,1,None,A legionary attacking
LEGION_ATTACK_F0,1766,LEGION_WALK,0,225,45,45,26,40,1,1,None,A legionary attacking
LEGION_ATTACK_F1,1767,LEGION_WALK,45,225,45,45,26,40,1,1,None,A legionary attacking
LEGION_ATTACK_F2,1768,LEGION_WALK,90,225,45,45,26,40,1,1,None,A legionary attacking
LEGION_ATTACK_F3,1769,LEGION_WALK,135,225,45,45,26,40,1,1,None,A legionary attacking
LEGION_ATTACK_F4,1770,LEGION_WALK,180,225,45,45,26,40,1,1,None,A legionary attacking
LEGION_ATTACK_F5,1771,LEGION_WALK,225,225,45,45,26,40,1,1,None,A legionary attacking
LEGION_ATTACK_F6,1772,LEGION_WALK,270,225,45,45,26,40,1,1,None,A legionary attacking
LEGION_ATTACK_F7,1773,LEGION_WALK,315,225,45,45,26,40,1,1,None,A legionary attacking
LEGION_ATTACK_F8,1774,LEGION_WALK,360,225,45,45,26,40,1,1,None,A legionary attacking
LEGION_ATTACK_F9,1775,LEGION_WALK,405,225,45,45,26,40,1,1,None,A legionary attacking
LEGION_ATTACK_F10,1776,LEGION_WALK,450,225,45,45,26,40,1,1,None,A legionary attacking
LEGION_ATTACK_F11,1777,LEGION_WALK,495,225,45,45,26,40,1,1,None,A legionary attacking
LEGION_ATTACK_F12,1778,LEGION_WALK,540,225,45,45,26,40,1,1,None,A legionary attacking
LEGION_ATTACK_F13,1779,LEGION_WALK,585,225,45,45,26,40,1,1,None,A legionary attacking
LEGION_ATTACK_F14,1780,LEGION_WALK,630,225,45,45,26,40,1,1,None,A legionary attacking
LEGION_ATTACK_F15,1781,LEGION_WALK,675,225,45,45,26,40,1,1,None,A legionary attacking
LEGION_ATTACK_F16,1782,LEGION_WALK,720,225,45,45,26,40,1,1,None,A legionary attacking
LEGION_ATTACK_F17,1783,LEGION_WALK,765,225,45,45,26,40,1,1,None,A legionary attacking
LEGION_ATTACK_F18,1784,LEGION_WALK,810,225,45,45,26,40,1,1,None,A legionary attacking
LEGION_ATTACK_F19,1785,LEGION_WALK,855,225,45,45,26,40,1,1,None,A legionary attacking
LEGION_ATTACK_F20,1786,LEGION_WALK,900,225,45,45,26,40,1,1,None,A legionary attacking
LEGION_ATTACK_F21,1787,LEGION_WALK,945,225,45,45,26,40,1,1,None,A legionary attacking
LEGION_ATTACK_F22,1788,LEGION_WALK,990,225,45,45,26,40,1,1,None,A legionary attacking
LEGION_ATTACK_F23,1789,LEGION_WALK,1035,225,45,45,26,40,1,1,None,A legionary attacking
LEGION_ATTACK_F24,1790,LEGION_WALK,1080,225,45,45,26,40,1,1,None,A legionary attacking
LEGION_ATTACK_F25,1791,LEGION_WALK,1125,225,45,45,26,40,1,1,None,A legionary attacking
LEGION_ATTACK_F26,1792,LEGION_WALK,1170,225,45,45,26,40,1,1,None,A legionary attacking
LEGION_ATTACK_F27,1793,LEGION_WALK,1215,225,45,45,26,40,1,1,None,A legionary attacking
LEGION_ATTACK_F28,1794,LEGION_WALK,1260,225,45,45,26,40,1,1,None,A legionary attacking
LEGION_ATTACK_F29,1795,LEGION_WALK,1305,225,45,45,26,40,1,1,None,A legionary attacking
LEGION_ATTACK_F30,1796,LEGION_WALK,1350,225,45,45,26,40,1,1,None,A legionary attacking
LEGION_ATTACK_F31,1797,LEGION_WALK,1395,225,45,45,26,40,1,1,None,A legionary attacking
LEGION_ATTACK_F32,1798,LEGION_WALK,1440,225,45,45,26,40,1,1,None,A legionary attacking
LEGION_ATTACK_F33,1799,LEGION_WALK,1485,225,45,45,26,40,1,1,None,A legionary attacking
LEGION_ATTACK_F34,1800,LEGION_WALK,1530,225,45,45,26,40,1,1,None,A legionary attacking
LEGION_ATTACK_F35,1801,LEGION_WALK,1575,225,45,45,26,40,1,1,None,A legionary attacking
LEGION_ATTACK_F36,1802,LEGION_WALK,1620,225,45,45,26,40,1,1,None,A legionary attacking
LEGION_ATTACK_F37,1803,LEGION_WALK,1665,225,45,45,26,40,1,1,None,A legionary attacking
LEGION_ATTACK_F38,1804,LEGION_WALK,1710,225,45,45,26,40,1,1,None,A legionary attacking
LEGION_ATTACK_F39,1805,LEGION_WALK,1755,225,45,45,26,40,1,1,None,A legionary attacking
LEGION_ATTACK_F40,1806,LEGION_WALK,1800,225,45,45,26,40,1,1,None,A legionary attacking
LEGION_ATTACK_F41,1807,LEGION_WALK,1845,225,45,45,26,40,1,1,None,A legionary attacking
LEGION_ATTACK_F42,1808,LEGION_WALK,1890,225,45,45,26,40,1,1,None,A legionary attacking
LEGION_ATTACK_F43,1809,LEGION_WALK,1935,225,45,45,26,40,1,1,None,A legionary attacking
LEGION_ATTACK_F44,1810,LEGION_WALK,1980,225,45,45,26,40,1,1,None,A legionary attacking
LEGION_ATTACK_F45,1811,LEGION_WALK,2025,225,45,45,26,40,1,1,None,A legionary attacking
LEGION_ATTACK_F46,1812,LEGION_WALK,2070,225,45,45,26,40,1,1,None,A legionary attacking
LEGION_ATTACK_F47,1813,LEGION_WALK,2115,225,45,45,26,40,1,1,None,A legionary attacking
LEGION_ATTACK_F48,1814,LEGION_WALK,2160,225,45,45,26,40,1,1,None,A legionary attacking
LEGION_ATTACK_F49,1815,LEGION_WALK,2205,225,45,45,26,40,1,1,None,A legionary attacking
LEGION_ATTACK_F50,1816,LEGION_WALK,2250,225,45,45,26,40,1,1,None,A legionary attacking
LEGION_ATTACK_F51,1817,LEGION_WALK,2295,225,45,45,26,40,1,1,None,A legionary attacking
LEGION_ATTACK_F52,1818,LEGION_WALK,2340,225,45,45,26,40,1,1,None,A legionary attacking
LEGION_ATTACK_F53,1819,LEGION_WALK,2385,225,45,45,26,40,1,1,None,A legionary attacking
LEGION_ATTACK_F54,1820,LEGION_WALK,2430,225,45,45,26,40,1,1,None,A legionary attacking
LEGION_ATTACK_F55,1821,LEGION_WALK,2475,225,45,45,26,40,1,1,None,A legionary attacking
LEGION_ATTACK_F56,1822,LEGION_WALK,2520,225,45,45,26,40,1,1,None,A legionary attacking
LEGION_ATTACK_F57,1823,LEGION_WALK,2565,225,45,45,26,40,1,1,None,A legionary attacking
LEGION_ATTACK_F58,1824,LEGION_WALK,2610,225,45,45,26,40,1,1,None,A legionary attacking
LEGION_ATTACK_F59,1825,LEGION_WALK,2655,225,45,45,26,40,1,1,None,A legionary attacking
LEGION_ATTACK_G0,1826,LEGION_WALK,0,270,45,45,26,40,1,1,None,A legionary attacking
LEGION_ATTACK_G1,1827,LEGION_WALK,45,270,45,45,26,40,1,1,None,A legionary attacking
LEGION_ATTACK_G2,1828,LEGION_WALK,90,270,45,45,26,40,1,1,None,A legionary attacking
LEGION_ATTACK_G3,1829,LEGION_WALK,135,270,45,45,26,40,1,1,None,A legionary attacking
LEGION_ATTACK_G4,1830,LEGION_WALK,180,270,45,45,26,40,1,1,None,A legionary attacking
LEGION_ATTACK_G5,1831,LEGION_WALK,225,270,45,45,26,40,1,1,None,A legionary attacking
LEGION_ATTACK_G6,1832,LEGION_WALK,270,270,45,45,26,40,1,1,None,A legionary attacking
LEGION_ATTACK_G7,1833,LEGION_WALK,315,270,45,45,26,40,1,1,None,A legionary attacking
LEGION_ATTACK_G8,1834,LEGION_WALK,360,270,45,45,26,40,1,1,None,A legionary attacking
LEGION_ATTACK_G9,1835,LEGION_WALK,405,270,45,45,26,40,1,1,None,A legionary attacking
LEGION_ATTACK_G10,1836,LEGION_WALK,450,270,45,45,26,40,1,1,None,A legionary attacking
LEGION_ATTACK_G11,1837,LEGION_WALK,495,270,45,45,26,40,1,1,None,A legionary attacking
LEGION_ATTACK_G12,1838,LEGION_WALK,540,270,45,45,26,40,1,1,None,A legionary attacking
LEGION_ATTACK_G13,1839,LEGION_WALK,585,270,45,45,26,40,1,1,None,A legionary attacking
LEGION_ATTACK_G14,1840,LEGION_WALK,630,270,45,45,26,40,1,1,None,A legionary attacking
LEGION_ATTACK_G15,1841,LEGION_WALK,675,270,45,45,26,40,1,1,None,A legionary attacking
LEGION_ATTACK_G16,1842,LEGION_WALK,720,270,45,45,26,40,1,1,None,A legionary attacking
LEGION_ATTACK_G17,1843,LEGION_WALK,765,270,45,45,26,40,1,1,None,A legionary attacking
LEGION_ATTACK_G18,1844,LEGION_WALK,810,270,45,45,26,40,1,1,None,A legionary attacking
LEGION_ATTACK_G19,1845,LEGION_WALK,855,270,45,45,26,40,1,1,None,A legionary attacking
LEGION_ATTACK_G20,1846,LEGION_WALK,900,270,45,45,26,40,1,1,None,A legionary attacking
LEGION_ATTACK_G21,1847,LEGION_WALK,945,270,45,45,26,40,1,1,None,A legionary attacking
LEGION_ATTACK_G22,1848,LEGION_WALK,990,270,45,45,26,40,1,1,None,A legionary attacking
LEGION_ATTACK_G23,1849,LEGION_WALK,1035,270,45,45,26,40,1,1,None,A legionary attacking
LEGION_ATTACK_G24,1850,LEGION_WALK,1080,270,45,45,26,40,1,1,None,A legionary attacking
LEGION_ATTACK_G25,1851,LEGION_WALK,1125,270,45,45,26,40,1,1,None,A legionary attacking
LEGION_ATTACK_G26,1852,LEGION_WALK,1170,270,45,45,26,40,1,1,None,A legionary attacking
LEGION_ATTACK_G27,1853,LEGION_WALK,1215,270,45,45,26,40,1,1,None,A legionary attacking
LEGION_ATTACK_G28,1854,LEGION_WALK,1260,270,45,45,26,40,1,1,None,A legionary attacking
LEGION_ATTACK_G29,1855,LEGION_WALK,1305,270,45,45,26,40,1,1,None,A legionary attacking
LEGION_ATTACK_G30,1856,LEGION_WALK,1350,270,45,45,26,40,1,1,None,A legionary attacking
LEGION_ATTACK_G31,1857,LEGION_WALK,1395,270,45,45,26,40,1,1,None,A legionary attacking
LEGION_ATTACK_G32,1858,LEGION_WALK,1440,270,45,45,26,40,1,1,None,A legionary attacking
LEGION_ATTACK_G33,1859,LEGION_WALK,1485,270,45,45,26,40,1,1,None,A legionary attacking
LEGION_ATTACK_G34,1860,LEGION_WALK,1530,270,45,45,26,40,1,1,None,A legionary attacking
LEGION_ATTACK_G35,1861,LEGION_WALK,1575,270,45,45,26,40,1,1,None,A legionary attacking
LEGION_ATTACK_G36,1862,LEGION_WALK,1620,270,45,45,26,40,1,1,None,A legionary attacking
LEGION_ATTACK_G37,1863,LEGION_WALK,1665,270,45,45,26,40,1,1,None,A legionary attacking
LEGION_ATTACK_G38,1864,LEGION_WALK,1710,270,45,45,26,40,1,1,None,A legionary attacking
LEGION_ATTACK_G39,1865,LEGION_WALK,1755,270,45,45,26,40,1,1,None,A legionary attacking
LEGION_ATTACK_G40,1866,LEGION_WALK,1800,270,45,45,26,40,1,1,None,A legionary attacking
LEGION_ATTACK_G41,1867,LEGION_WALK,1845,270,45,45,26,40,1,1,None,A legionary attacking
LEGION_ATTACK_G42,1868,LEGION_WALK,1890,270,45,45,26,40,1,1,None,A legionary attacking
LEGION_ATTACK_G43,1869,LEGION_WALK,1935,270,45,45,26,40,1,1,None,A legionary attacking
LEGION_ATTACK_G44,1870,LEGION_WALK,1980,270,45,45,26,40,1,1,None,A legionary attacking
LEGION_ATTACK_G45,1871,LEGION_WALK,2025,270,45,45,26,40,1,1,None,A legionary attacking
LEGION_ATTACK_G46,1872,LEGION_WALK,2070,270,45,45,26,40,1,1,None,A legionary attacking
LEGION_ATTACK_G47,1873,LEGION_WALK,2115,270,45,45,26,40,1,1,None,A legionary attacking
LEGION_ATTACK_G48,1874,LEGION_WALK,2160,270,45,45,26,40,1,1,None,A legionary attacking
LEGION_ATTACK_G49,1875,LEGION_WALK,2205,270,45,45,26,40,1,1,None,A legionary attacking
LEGION_ATTACK_G50,1876,LEGION_WALK,2250,270,45,45,26,40,1,1,None,A legionary attacking
LEGION_ATTACK_G51,1877,LEGION_WALK,2295,270,45,45,26,40,1,1,None,A legionary attacking
LEGION_ATTACK_G52,1878,LEGION_WALK,2340,270,45,45,26,40,1,1,None,A legionary attacking
LEGION_ATTACK_G53,1879,LEGION_WALK,2385,270,45,45,26,40,1,1,None,A legionary attacking
LEGION_ATTACK_G54,1880,LEGION_WALK,2430,270,45,45,26,40,1,1,None,A legionary attacking
LEGION_ATTACK_G55,1881,LEGION_WALK,2475,270,45,45,26,40,1,1,None,A legionary attacking
LEGION_ATTACK_G56,1882,LEGION_WALK,2520,270,45,45,26,40,1,1,None,A legionary attacking
LEGION_ATTACK_G57,1883,LEGION_WALK,2565,270,45,45,26,40,1,1,None,A legionary attacking
LEGION_ATTACK_G58,1884,LEGION_WALK,2610,270,45,45,26,40,1,1,None,A legionary attacking
LEGION_ATTACK_G59,1885,LEGION_WALK,2655,270,45,45,26,40,1,1,None,A legionary attacking
