LEGION_WALK_A0,1078,LEGION_WALK,0,0,45,45,26,40,1,1,None,A legionary walking
LEGION_WALK_A1,1079,LEGION_WALK,45,0,45,45,26,40,1,1,None,A legionary walking
LEGION_WALK_A2,1080,LEGION_WALK,90,0,45,45,26,40,1,1,None,A legionary walking
LEGION_WALK_A3,1081,LEGION_WALK,135,0,45,45,26,40,1,1,None,A legionary walking
LEGION_WALK_A4,1082,LEGION_WALK,180,0,45,45,26,40,1,1,None,A legionary walking
LEGION_WALK_A5,1083,LEGION_WALK,225,0,45,45,26,40,1,1,None,A legionary walking
LEGION_WALK_A6,1084,LEGION_WALK,270,0,45,45,26,40,1,1,None,A legionary walking
LEGION_WALK_A7,1085,LEGION_WALK,315,0,45,45,26,40,1,1,None,A legionary walking
LEGION_WALK_A8,1086,LEGION_WALK,360,0,45,45,26,40,1,1,None,A legionary walking
LEGION_WALK_A9,1087,LEGION_WALK,405,0,45,45,26,40,1,1,None,A legionary walking
LEGION_WALK_A10,1088,LEGION_WALK,450,0,45,45,26,40,1,1,None,A legionary walking
LEGION_WALK_A11,1089,LEGION_WALK,495,0,45,45,26,40,1,1,None,A legionary walking
LEGION_WALK_A12,1090,LEGION_WALK,540,0,45,45,26,40,1,1,None,A legionary walking
LEGION_WALK_A13,1091,LEGION_WALK,585,0,45,45,26,40,1,1,None,A legionary walking
LEGION_WALK_A14,1092,LEGION_WALK,630,0,45,45,26,40,1,1,None,A legionary walking
LEGION_WALK_A15,1093,LEGION_WALK,675,0,45,45,26,40,1,1,None,A legionary walking
LEGION_WALK_A16,1094,LEGION_WALK,720,0,45,45,26,40,1,1,None,A legionary walking
LEGION_WALK_A17,1095,LEGION_WALK,765,0,45,45,26,40,1,1,None,A legionary walking
LEGION_WALK_A18,1096,LEGION_WALK,810,0,45,45,26,40,1,1,None,A legionary walking
LEGION_WALK_A19,1097,LEGION_WALK,855,0,45,45,26,40,1,1,None,A legionary walking
LEGION_WALK_A20,1098,LEGION_WALK,900,0,45,45,26,40,1,1,None,A legionary walking
LEGION_WALK_A21,1099,LEGION_WALK,945,0,45,45,26,40,1,1,None,A legionary walking
LEGION_WALK_A22,1100,LEGION_WALK,990,0,45,45,26,40,1,1,None,A legionary walking
LEGION_WALK_A23,1101,LEGION_WALK,1035,0,45,45,26,40,1,1,None,A legionary walking
LEGION_WALK_A24,1102,LEGION_WALK,1080,0,45,45,26,40,1,1,None,A legionary walking
LEGION_WALK_A25,1103,LEGION_WALK,1125,0,45,45,26,40,1,1,None,A legionary walking
LEGION_WALK_A26,1104,LEGION_WALK,1170,0,45,45,26,40,1,1,None,A legionary walking
LEGION_WALK_A27,1105,LEGION_WALK,1215,0,45,45,26,40,1,1,None,A legionary walking
LEGION_WALK_A28,1106,LEGION_WALK,1260,0,45,45,26,40,1,1,None,A legionary walking
LEGION_WALK_A29,1107,LEGION_WALK,1305,0,45,45,26,40,1,1,None,A legionary walking
LEGION_WALK_A30,1108,LEGION_WALK,1350,0,45,45,26,40,1,1,None,A legionary walking
LEGION_WALK_A31,1109,LEGION_WALK,1395,0,45,45,26,40,1,1,None,A legionary walking
LEGION_WALK_A32,1110,LEGION_WALK,1440,0,45,45,26,40,1,1,None,A legionary walking
LEGION_WALK_A33,1111,LEGION_WALK,1485,0,45,45,26,40,1,1,None,A legionary walking
LEGION_WALK_A34,1112,LEGION_WALK,1530,0,45,45,26,40,1,1,None,A legionary walking
LEGION_WALK_A35,1113,LEGION_WALK,1575,0,45,45,26,40,1,1,None,A legionary walking
LEGION_WALK_A36,1114,LEGION_WALK,1620,0,45,45,26,40,1,1,None,A legionary walking
LEGION_WALK_A37,1115,LEGION_WALK,1665,0,45,45,26,40,1,1,None,A legionary walking
LEGION_WALK_A38,1116,LEGION_WALK,1710,0,45,45,26,40,1,1,None,A legionary walking
LEGION_WALK_A39,1117,LEGION_WALK,1755,0,45,45,26,40,1,1,None,A legionary walking
LEGION_WALK_A40,1118,LEGION_WALK,1800,0,45,45,26,40,1,1,None,A legionary walking
LEGION_WALK_B0,1119,LEGION_WALK,0,45,45,45,26,40,1,1,None,A legionary walking
LEGION_WALK_B1,1120,LEGION_WALK,45,45,45,45,26,40,1,1,None,A legionary walking
LEGION_WALK_B2,1121,LEGION_WALK,90,45,45,45,26,40,1,1,None,A legionary walking
LEGION_WALK_B3,1122,LEGION_WALK,135,45,45,45,26,40,1,1,None,A legionary walking
LEGION_WALK_B4,1123,LEGION_WALK,180,45,45,45,26,40,1,1,None,A legionary walking
LEGION_WALK_B5,1124,LEGION_WALK,225,45,45,45,26,40,1,1,None,A legionary walking
LEGION_WALK_B6,1125,LEGION_WALK,270,45,45,45,26,40,1,1,None,A legionary walking
LEGION_WALK_B7,1126,LEGION_WALK,315,45,45,45,26,40,1,1,None,A legionary walking
LEGION_WALK_B8,1127,LEGION_WALK,360,45,45,45,26,40,1,1,None,A legionary walking
LEGION_WALK_B9,1128,LEGION_WALK,405,45,45,45,26,40,1,1,None,A legionary walking
LEGION_WALK_B10,1129,LEGION_WALK,450,45,45,45,26,40,1,1,None,A legionary walking
LEGION_WALK_B11,1130,LEGION_WALK,495,45,45,45,26,40,1,1,None,A legionary walking
LEGION_WALK_B12,1131,LEGION_WALK,540,45,45,45,26,40,1,1,None,A legionary walking
LEGION_WALK_B13,1132,LEGION_WALK,585,45,45,45,26,40,1,1,None,A legionary walking
LEGION_WALK_B14,1133,LEGION_WALK,630,45,45,45,26,40,1,1,None,A legionary walking
LEGION_WALK_B15,1134,LEGION_WALK,675,45,45,45,26,40,1,1,None,A legionary walking
LEGION_WALK_B16,1135,LEGION_WALK,720,45,45,45,26,40,1,1,None,A legionary walking
LEGION_WALK_B17,1136,LEGION_WALK,765,45,45,45,26,40,1,1,None,A legionary walking
LEGION_WALK_B18,1137,LEGION_WALK,810,45,45,45,26,40,1,1,None,A legionary walking
LEGION_WALK_B19,1138,LEGION_WALK,855,45,45,45,26,40,1,1,None,A legionary walking
LEGION_WALK_B20,1139,LEGION_WALK,900,45,45,45,26,40,1,1,None,A legionary walking
LEGION_WALK_B21,1140,LEGION_WALK,945,45,45,45,26,40,1,1,None,A legionary walking
LEGION_WALK_B22,1141,LEGION_WALK,990,45,45,45,26,40,1,1,None,A legionary walking
LEGION_WALK_B23,1142,LEGION_WALK,1035,45,45,45,26,40,1,1,None,A legionary walking
LEGION_WALK_B24,1143,LEGION_WALK,1080,45,45,45,26,40,1,1,None,A legionary walking
LEGION_WALK_B25,1144,LEGION_WALK,1125,45,45,45,26,40,1,1,None,A legionary walking
LEGION_WALK_B26,1145,LEGION_WALK,1170,45,45,45,26,40,1,1,None,A legionary walking
LEGION_WALK_B27,1146,LEGION_WALK,1215,45,45,45,26,40,1,1,None,A legionary walking
LEGION_WALK_B28,1147,LEGION_WALK,1260,45,45,45,26,40,1,1,None,A legionary walking
LEGION_WALK_B29,1148,LEGION_WALK,1305,45,45,45,26,40,1,1,None,A legionary walking
LEGION_WALK_B30,1149,LEGION_WALK,1350,45,45,45,26,40,1,1,None,A legionary walking
LEGION_WALK_B31,1150,LEGION_WALK,1395,45,45,45,26,40,1,1,None,A legionary walking
LEGION_WALK_B32,1151,LEGION_WALK,1440,45,45,45,26,40,1,1,None,A legionary walking
LEGION_WALK_B33,1152,LEGION_WALK,1485,45,45,45,26,40,1,1,None,A legionary walking
LEGION_WALK_B34,1153,LEGION_WALK,1530,45,45,45,26,40,1,1,None,A legionary walking
LEGION_WALK_B35,1154,LEGION_WALK,1575,45,45,45,26,40,1,1,None,A legionary walking
LEGION_WALK_B36,1155,LEGION_WALK,1620,45,45,45,26,40,1,1,None,A legionary walking
LEGION_WALK_B37,1156,LEGION_WALK,1665,45,45,45,26,40,1,1,None,A legionary walking
LEGION_WALK_B38,1157,LEGION_WALK,1710,45,45,45,26,40,1,1,None,A legionary walking
LEGION_WALK_B39,1158,LEGION_WALK,1755,45,45,45,26,40,1,1,None,A legionary walking
LEGION_WALK_B40,1159,LEGION_WALK,1800,45,45,45,26,40,1,1,None,A legionary walking
LEGION_WALK_C0,1160,LEGION_WALK,0,90,45,45,26,40,1,1,None,A legionary walking
LEGION_WALK_C1,1161,LEGION_WALK,45,90,45,45,26,40,1,1,None,A legionary walking
LEGION_WALK_C2,1162,LEGION_WALK,90,90,45,45,26,40,1,1,None,A legionary walking
LEGION_WALK_C3,1163,LEGION_WALK,135,90,45,45,26,40,1,1,None,A legionary walking
LEGION_WALK_C4,1164,LEGION_WALK,180,90,45,45,26,40,1,1,None,A legionary walking
LEGION_WALK_C5,1165,LEGION_WALK,225,90,45,45,26,40,1,1,None,A legionary walking
LEGION_WALK_C6,1166,LEGION_WALK,270,90,45,45,26,40,1,1,None,A legionary walking
LEGION_WALK_C7,1167,LEGION_WALK,315,90,45,45,26,40,1,1,None,A legionary walking
LEGION_WALK_C8,1168,LEGION_WALK,360,90,45,45,26,40,1,1,None,A legionary walking
LEGION_WALK_C9,1169,LEGION_WALK,405,90,45,45,26,40,1,1,None,A legionary walking
LEGION_WALK_C10,1170,LEGION_WALK,450,90,45,45,26,40,1,1,None,A legionary walking
LEGION_WALK_C11,1171,LEGION_WALK,495,90,45,45,26,40,1,1,None,A legionary walking
LEGION_WALK_C12,1172,LEGION_WALK,540,90,45,45,26,40,1,1,None,A legionary walking
LEGION_WALK_C13,1173,LEGION_WALK,585,90,45,45,26,40,1,1,None,A legionary walking
LEGION_WALK_C14,1174,LEGION_WALK,630,90,45,45,26,40,1,1,None,A legionary walking
LEGION_WALK_C15,1175,LEGION_WALK,675,90,45,45,26,40,1,1,None,A legionary walking
LEGION_WALK_C16,1176,LEGION_WALK,720,90,45,45,26,40,1,1,None,A legionary walking
LEGION_WALK_C17,1177,LEGION_WALK,765,90,45,45,26,40,1,1,None,A legionary walking
LEGION_WALK_C18,1178,LEGION_WALK,810,90,45,45,26,40,1,1,None,A legionary walking
LEGION_WALK_C19,1179,LEGION_WALK,855,90,45,45,26,40,1,1,None,A legionary walking
LEGION_WALK_C20,1180,LEGION_WALK,900,90,45,45,26,40,1,1,None,A legionary walking
LEGION_WALK_C21,1181,LEGION_WALK,945,90,45,45,26,40,1,1,None,A legionary walking
LEGION_WALK_C22,1182,LEGION_WALK,990,90,45,45,26,40,1,1,None,A legionary walking
LEGION_WALK_C23,1183,LEGION_WALK,1035,90,45,45,26,40,1,1,None,A legionary walking
LEGION_WALK_C24,1184,LEGION_WALK,1080,90,45,45,26,40,1,1,None,A legionary walking
LEGION_WALK_C25,1185,LEGION_WALK,1125,90,45,45,26,40,1,1,None,A legionary walking
LEGION_WALK_C26,1186,LEGION_WALK,1170,90,45,45,26,40,1,1,None,A legionary walking
LEGION_WALK_C27,1187,LEGION_WALK,1215,90,45,45,26,40,1,1,None,A legionary walking
LEGION_WALK_C28,1188,LEGION_WALK,1260,90,45,45,26,40,1,1,None,A legionary walking
LEGION_WALK_C29,1189,LEGION_WALK,1305,90,45,45,26,40,1,1,None,A legionary walking
LEGION_WALK_C30,1190,LEGION_WALK,1350,90,45,45,26,40,1,1,None,A legionary walking
LEGION_WALK_C31,1191,LEGION_WALK,1395,90,45,45,26,40,1,1,None,A legionary walking
LEGION_WALK_C32,1192,LEGION_WALK,1440,90,45,45,26,40,1,1,None,A legionary walking
LEGION_WALK_C33,1193,LEGION_WALK,1485,90,45,45,26,40,1,1,None,A legionary walking
LEGION_WALK_C34,1194,LEGION_WALK,1530,90,45,45,26,40,1,1,None,A legionary walking
LEGION_WALK_C35,1195,LEGION_WALK,1575,90,45,45,26,40,1,1,None,A legionary walking
LEGION_WALK_C36,1196,LEGION_WALK,1620,90,45,45,26,40,1,1,None,A legionary walking
LEGION_WALK_C37,1197,LEGION_WALK,1665,90,45,45,26,40,1,1,None,A legionary walking
LEGION_WALK_C38,1198,LEGION_WALK,1710,90,45,45,26,40,1,1,None,A legionary walking
LEGION_WALK_C39,1199,LEGION_WALK,1755,90,45,45,26,40,1,1,None,A legionary walking
LEGION_WALK_C40,1200,LEGION_WALK,1800,90,45,45,26,40,1,1,None,A legionary walking
LEGION_WALK_D0,1201,LEGION_WALK,0,135,45,45,26,40,1,1,None,A legionary walking
LEGION_WALK_D1,1202,LEGION_WALK,45,135,45,45,26,40,1,1,None,A legionary walking
LEGION_WALK_D2,1203,LEGION_WALK,90,135,45,45,26,40,1,1,None,A legionary walking
LEGION_WALK_D3,1204,LEGION_WALK,135,135,45,45,26,40,1,1,None,A legionary walking
LEGION_WALK_D4,1205,LEGION_WALK,180,135,45,45,26,40,1,1,None,A legionary walking
LEGION_WALK_D5,1206,LEGION_WALK,225,135,45,45,26,40,1,1,None,A legionary walking
LEGION_WALK_D6,1207,LEGION_WALK,270,135,45,45,26,40,1,1,None,A legionary walking
LEGION_WALK_D7,1208,LEGION_WALK,315,135,45,45,26,40,1,1,None,A legionary walking
LEGION_WALK_D8,1209,LEGION_WALK,360,135,45,45,26,40,1,1,None,A legionary walking
LEGION_WALK_D9,1210,LEGION_WALK,405,135,45,45,26,40,1,1,None,A legionary walking
LEGION_WALK_D10,1211,LEGION_WALK,450,135,45,45,26,40,1,1,None,A legionary walking
LEGION_WALK_D11,1212,LEGION_WALK,495,135,45,45,26,40,1,1,None,A legionary walking
LEGION_WALK_D12,1213,LEGION_WALK,540,135,45,45,26,40,1,1,None,A legionary walking
LEGION_WALK_D13,1214,LEGION_WALK,585,135,45,45,26,40,1,1,None,A legionary walking
LEGION_WALK_D14,1215,LEGION_WALK,630,135,45,45,26,40,1,1,None,A legionary walking
LEGION_WALK_D15,1216,LEGION_WALK,675,135,45,45,26,40,1,1,None,A legionary walking
LEGION_WALK_D16,1217,LEGION_WALK,720,135,45,45,26,40,1,1,None,A legionary walking
LEGION_WALK_D17,1218,LEGION_WALK,765,135,45,45,26,40,1,1,None,A legionary walking
LEGION_WALK_D18,1219,LEGION_WALK,810,135,45,45,26,40,1,1,None,A legionary walking
LEGION_WALK_D19,1220,LEGION_WALK,855,135,45,45,26,40,1,1,None,A legionary walking
LEGION_WALK_D20,1221,LEGION_WALK,900,135,45,45,26,40,1,1,None,A legionary walking
LEGION_WALK_D21,1222,LEGION_WALK,945,135,45,45,26,40,1,1,None,A legionary walking
LEGION_WALK_D22,1223,LEGION_WALK,990,135,45,45,26,40,1,1,None,A legionary walking
LEGION_WALK_D23,1224,LEGION_WALK,1035,135,45,45,26,40,1,1,None,A legionary walking
LEGION_WALK_D24,1225,LEGION_WALK,1080,135,45,45,26,40,1,1,None,A legionary walking
LEGION_WALK_D25,1226,LEGION_WALK,1125,135,45,45,26,40,1,1,None,A legionary walking
LEGION_WALK_D26,1227,LEGION_WALK,1170,135,45,45,26,40,1,1,None,A legionary walking
LEGION_WALK_D27,1228,LEGION_WALK,1215,135,45,45,26,40,1,1,None,A legionary walking
LEGION_WALK_D28,1229,LEGION_WALK,1260,135,45,45,26,40,1,1,None,A legionary walking
LEGION_WALK_D29,1230,LEGION_WALK,1305,135,45,45,26,40,1,1,None,A legionary walking
LEGION_WALK_D30,1231,LEGION_WALK,1350,135,45,45,26,40,1,1,None,A legionary walking
LEGION_WALK_D31,1232,LEGION_WALK,1395,135,45,45,26,40,1,1,None,A legionary walking
LEGION_WALK_D32,1233,LEGION_WALK,1440,135,45,45,26,40,1,1,None,A legionary walking
LEGION_WALK_D33,1234,LEGION_WALK,1485,135,45,45,26,40,1,1,None,A legionary walking
LEGION_WALK_D34,1235,LEGION_WALK,1530,135,45,45,26,40,1,1,None,A legionary walking
LEGION_WALK_D35,1236,LEGION_WALK,1575,135,45,45,26,40,1,1,None,A legionary walking
LEGION_WALK_D36,1237,LEGION_WALK,1620,135,45,45,26,40,1,1,None,A legionary walking
LEGION_WALK_D37,1238,LEGION_WALK,1665,135,45,45,26,40,1,1,None,A legionary walking
LEGION_WALK_D38,1239,LEGION_WALK,1710,135,45,45,26,40,1,1,None,A legionary walking
LEGION_WALK_D39,1240,LEGION_WALK,1755,135,45,45,26,40,1,1,None,A legionary walking
LEGION_WALK_D40,1241,LEGION_WALK,1800,135,45,45,26,40,1,1,None,A legionary walking
LEGION_WALK_E0,1242,LEGION_WALK,0,180,45,45,26,40,1,1,None,A legionary walking
LEGION_WALK_E1,1243,LEGION_WALK,45,180,45,45,26,40,1,1,None,A legionary walking
LEGION_WALK_E2,1244,LEGION_WALK,90,180,45,45,26,40,1,1,None,A legionary walking
LEGION_WALK_E3,1245,LEGION_WALK,135,180,45,45,26,40,1,1,None,A legionary walking
LEGION_WALK_E4,1246,LEGION_WALK,180,180,45,45,26,40,1,1,None,A legionary walking
LEGION_WALK_E5,1247,LEGION_WALK,225,180,45,45,26,40,1,1,None,A legionary walking
LEGION_WALK_E6,1248,LEGION_WALK,270,180,45,45,26,40,1,1,None,A legionary walking
LEGION_WALK_E7,1249,LEGION_WALK,315,180,45,45,26,40,1,1,None,A legionary walking
LEGION_WALK_E8,1250,LEGION_WALK,360,180,45,45,26,40,1,1,None,A legionary walking
LEGION_WALK_E9,1251,LEGION_WALK,405,180,45,45,26,40,1,1,None,A legionary walking
LEGION_WALK_E10,1252,LEGION_WALK,450,180,45,45,26,40,1,1,None,A legionary walking
LEGION_WALK_E11,1253,LEGION_WALK,495,180,45,45,26,40,1,1,None,A legionary walking
LEGION_WALK_E12,1254,LEGION_WALK,540,180,45,45,26,40,1,1,None,A legionary walking
LEGION_WALK_E13,1255,LEGION_WALK,585,180,45,45,26,40,1,1,None,A legionary walking
LEGION_WALK_E14,1256,LEGION_WALK,630,180,45,45,26,40,1,1,None,A legionary walking
LEGION_WALK_E15,1257,LEGION_WALK,675,180,45,45,26,40,1,1,None,A legionary walking
LEGION_WALK_E16,1258,LEGION_WALK,720,180,45,45,26,40,1,1,None,A legionary walking
LEGION_WALK_E17,1259,LEGION_WALK,765,180,45,45,26,40,1,1,None,A legionary walking
LEGION_WALK_E18,1260,LEGION_WALK,810,180,45,45,26,40,1,1,None,A legionary walking
LEGION_WALK_E19,1261,LEGION_WALK,855,180,45,45,26,40,1,1,None,A legionary walking
LEGION_WALK_E20,1262,LEGION_WALK,900,180,45,45,26,40,1,1,None,A legionary walking
LEGION_WALK_E21,1263,LEGION_WALK,945,180,45,45,26,40,1,1,None,A legionary walking
LEGION_WALK_E22,1264,LEGION_WALK,990,180,45,45,26,40,1,1,None,A legionary walking
LEGION_WALK_E23,1265,LEGION_WALK,1035,180,45,45,26,40,1,1,None,A legionary walking
LEGION_WALK_E24,1266,LEGION_WALK,1080,180,45,45,26,40,1,1,None,A legionary walking
LEGION_WALK_E25,1267,LEGION_WALK,1125,180,45,45,26,40,1,1,None,A legionary walking
LEGION_WALK_E26,1268,LEGION_WALK,1170,180,45,45,26,40,1,1,None,A legionary walking
LEGION_WALK_E27,1269,LEGION_WALK,1215,180,45,45,26,40,1,1,None,A legionary walking
LEGION_WALK_E28,1270,LEGION_WALK,1260,180,45,45,26,40,1,1,None,A legionary walking
LEGION_WALK_E29,1271,LEGION_WALK,1305,180,45,45,26,40,1,1,None,A legionary walking
LEGION_WALK_E30,1272,LEGION_WALK,1350,180,45,45,26,40,1,1,None,A legionary walking
LEGION_WALK_E31,1273,LEGION_WALK,1395,180,45,45,26,40,1,1,None,A legionary walking
LEGION_WALK_E32,1274,LEGION_WALK,1440,180,45,45,26,40,1,1,None,A legionary walking
LEGION_WALK_E33,1275,LEGION_WALK,1485,180,45,45,26,40,1,1,None,A legionary walking
LEGION_WALK_E34,1276,LEGION_WALK,1530,180,45,45,26,40,1,1,None,A legionary walking
LEGION_WALK_E35,1277,LEGION_WALK,1575,180,45,45,26,40,1,1,None,A legionary walking
LEGION_WALK_E36,1278,LEGION_WALK,1620,180,45,45,26,40,1,1,None,A legionary walking
LEGION_WALK_E37,1279,LEGION_WALK,1665,180,45,45,26,40,1,1,None,A legionary walking
LEGION_WALK_E38,1280,LEGION_WALK,1710,180,45,45,26,40,1,1,None,A legionary walking
LEGION_WALK_E39,1281,LEGION_WALK,1755,180,45,45,26,40,1,1,None,A legionary walking
LEGION_WALK_E40,1282,LEGION_WALK,1800,180,45,45,26,40,1,1,None,A legionary walking
LEGION_WALK_F0,1283,LEGION_WALK,0,225,45,45,26,40,1,1,None,A legionary walking
LEGION_WALK_F1,1284,LEGION_WALK,45,225,45,45,26,40,1,1,None,A legionary walking
LEGION_WALK_F2,1285,LEGION_WALK,90,225,45,45,26,40,1,1,None,A legionary walking
LEGION_WALK_F3,1286,LEGION_WALK,135,225,45,45,26,40,1,1,None,A legionary walking
LEGION_WALK_F4,1287,LEGION_WALK,180,225,45,45,26,40,1,1,None,A legionary walking
LEGION_WALK_F5,1288,LEGION_WALK,225,225,45,45,26,40,1,1,None,A legionary walking
LEGION_WALK_F6,1289,LEGION_WALK,270,225,45,45,26,40,1,1,None,A legionary walking
LEGION_WALK_F7,1290,LEGION_WALK,315,225,45,45,26,40,1,1,None,A legionary walking
LEGION_WALK_F8,1291,LEGION_WALK,360,225,45,45,26,40,1,1,None,A legionary walking
LEGION_WALK_F9,1292,LEGION_WALK,405,225,45,45,26,40,1,1,None,A legionary walking
LEGION_WALK_F10,1293,LEGION_WALK,450,225,45,45,26,40,1,1,None,A legionary walking
LEGION_WALK_F11,1294,LEGION_WALK,495,225,45,45,26,40,1,1,None,A legionary walking
LEGION_WALK_F12,1295,LEGION_WALK,540,225,45,45,26,40,1,1,None,A legionary walking
LEGION_WALK_F13,1296,LEGION_WALK,585,225,45,45,26,40,1,1,None,A legionary walking
LEGION_WALK_F14,1297,LEGION_WALK,630,225,45,45,26,40,1,1,None,A legionary walking
LEGION_WALK_F15,1298,LEGION_WALK,675,225,45,45,26,40,1,1,None,A legionary walking
LEGION_WALK_F16,1299,LEGION_WALK,720,225,45,45,26,40,1,1,None,A legionary walking
LEGION_WALK_F17,1300,LEGION_WALK,765,225,45,45,26,40,1,1,None,A legionary walking
LEGION_WALK_F18,1301,LEGION_WALK,810,225,45,45,26,40,1,1,None,A legionary walking
LEGION_WALK_F19,1302,LEGION_WALK,855,225,45,45,26,40,1,1,None,A legionary walking
LEGION_WALK_F20,1303,LEGION_WALK,900,225,45,45,26,40,1,1,None,A legionary walking
LEGION_WALK_F21,1304,LEGION_WALK,945,225,45,45,26,40,1,1,None,A legionary walking
LEGION_WALK_F22,1305,LEGION_WALK,990,225,45,45,26,40,1,1,None,A legionary walking
LEGION_WALK_F23,1306,LEGION_WALK,1035,225,45,45,26,40,1,1,None,A legionary walking
LEGION_WALK_F24,1307,LEGION_WALK,1080,225,45,45,26,40,1,1,None,A legionary walking
LEGION_WALK_F25,1308,LEGION_WALK,1125,225,45,45,26,40,1,1,None,A legionary walking
LEGION_WALK_F26,1309,LEGION_WALK,1170,225,45,45,26,40,1,1,None,A legionary walking
LEGION_WALK_F27,1310,LEGION_WALK,1215,225,45,45,26,40,1,1,None,A legionary walking
LEGION_WALK_F28,1311,LEGION_WALK,1260,225,45,45,26,40,1,1,None,A legionary walking
LEGION_WALK_F29,1312,LEGION_WALK,1305,225,45,45,26,40,1,1,None,A legionary walking
LEGION_WALK_F30,1313,LEGION_WALK,1350,225,45,45,26,40,1,1,None,A legionary walking
LEGION_WALK_F31,1314,LEGION_WALK,1395,225,45,45,26,40,1,1,None,A legionary walking
LEGION_WALK_F32,1315,LEGION_WALK,1440,225,45,45,26,40,1,1,None,A legionary walking
LEGION_WALK_F33,1316,LEGION_WALK,1485,225,45,45,26,40,1,1,None,A legionary walking
LEGION_WALK_F34,1317,LEGION_WALK,1530,225,45,45,26,40,1,1,None,A legionary walking
LEGION_WALK_F35,1318,LEGION_WALK,1575,225,45,45,26,40,1,1,None,A legionary walking
LEGION_WALK_F36,1319,LEGION_WALK,1620,225,45,45,26,40,1,1,None,A legionary walking
LEGION_WALK_F37,1320,LEGION_WALK,1665,225,45,45,26,40,1,1,None,A legionary walking
LEGION_WALK_F38,1321,LEGION_WALK,1710,225,45,45,26,40,1,1,None,A legionary walking
LEGION_WALK_F39,1322,LEGION_WALK,1755,225,45,45,26,40,1,1,None,A legionary walking
LEGION_WALK_F40,1323,LEGION_WALK,1800,225,45,45,26,40,1,1,None,A legionary walking
LEGION_WALK_G0,1324,LEGION_WALK,0,270,45,45,26,40,1,1,None,A legionary walking
LEGION_WALK_G1,1325,LEGION_WALK,45,270,45,45,26,40,1,1,None,A legionary walking
LEGION_WALK_G2,1326,LEGION_WALK,90,270,45,45,26,40,1,1,None,A legionary walking
LEGION_WALK_G3,1327,LEGION_WALK,135,270,45,45,26,40,1,1,None,A legionary walking
LEGION_WALK_G4,1328,LEGION_WALK,180,270,45,45,26,40,1,1,None,A legionary walking
LEGION_WALK_G5,1329,LEGION_WALK,225,270,45,45,26,40,1,1,None,A legionary walking
LEGION_WALK_G6,1330,LEGION_WALK,270,270,45,45,26,40,1,1,None,A legionary walking
LEGION_WALK_G7,1331,LEGION_WALK,315,270,45,45,26,40,1,1,None,A legionary walking
LEGION_WALK_G8,1332,LEGION_WALK,360,270,45,45,26,40,1,1,None,A legionary walking
LEGION_WALK_G9,1333,LEGION_WALK,405,270,45,45,26,40,1,1,None,A legionary walking
LEGION_WALK_G10,1334,LEGION_WALK,450,270,45,45,26,40,1,1,None,A legionary walking
LEGION_WALK_G11,1335,LEGION_WALK,495,270,45,45,26,40,1,1,None,A legionary walking
LEGION_WALK_G12,1336,LEGION_WALK,540,270,45,45,26,40,1,1,None,A legionary walking
LEGION_WALK_G13,1337,LEGION_WALK,585,270,45,45,26,40,1,1,None,A legionary walking
LEGION_WALK_G14,1338,LEGION_WALK,630,270,45,45,26,40,1,1,None,A legionary walking
LEGION_WALK_G15,1339,LEGION_WALK,675,270,45,45,26,40,1,1,None,A legionary walking
LEGION_WALK_G16,1340,LEGION_WALK,720,270,45,45,26,40,1,1,None,A legionary walking
LEGION_WALK_G17,1341,LEGION_WALK,765,270,45,45,26,40,1,1,None,A legionary walking
LEGION_WALK_G18,1342,LEGION_WALK,810,270,45,45,26,40,1,1,None,A legionary walking
LEGION_WALK_G19,1343,LEGION_WALK,855,270,45,45,26,40,1,1,None,A legionary walking
LEGION_WALK_G20,1344,LEGION_WALK,900,270,45,45,26,40,1,1,None,A legionary walking
LEGION_WALK_G21,1345,LEGION_WALK,945,270,45,45,26,40,1,1,None,A legionary walking
LEGION_WALK_G22,1346,LEGION_WALK,990,270,45,45,26,40,1,1,None,A legionary walking
LEGION_WALK_G23,1347,LEGION_WALK,1035,270,45,45,26,40,1,1,None,A legionary walking
LEGION_WALK_G24,1348,LEGION_WALK,1080,270,45,45,26,40,1,1,None,A legionary walking
LEGION_WALK_G25,1349,LEGION_WALK,1125,270,45,45,26,40,1,1,None,A legionary walking
LEGION_WALK_G26,1350,LEGION_WALK,1170,270,45,45,26,40,1,1,None,A legionary walking
LEGION_WALK_G27,1351,LEGION_WALK,1215,270,45,45,26,40,1,1,None,A legionary walking
LEGION_WALK_G28,1352,LEGION_WALK,1260,270,45,45,26,40,1,1,None,A legionary walking
LEGION_WALK_G29,1353,LEGION_WALK,1305,270,45,45,26,40,1,1,None,A legionary walking
LEGION_WALK_G30,1354,LEGION_WALK,1350,270,45,45,26,40,1,1,None,A legionary walking
LEGION_WALK_G31,1355,LEGION_WALK,1395,270,45,45,26,40,1,1,None,A legionary walking
LEGION_WALK_G32,1356,LEGION_WALK,1440,270,45,45,26,40,1,1,None,A legionary walking
LEGION_WALK_G33,1357,LEGION_WALK,1485,270,45,45,26,40,1,1,None,A legionary walking
LEGION_WALK_G34,1358,LEGION_WALK,1530,270,45,45,26,40,1,1,None,A legionary walking
LEGION_WALK_G35,1359,LEGION_WALK,1575,270,45,45,26,40,1,1,None,A legionary walking
LEGION_WALK_G36,1360,LEGION_WALK,1620,270,45,45,26,40,1,1,None,A legionary walking
LEGION_WALK_G37,1361,LEGION_WALK,1665,270,45,45,26,40,1,1,None,A legionary walking
LEGION_WALK_G38,1362,LEGION_WALK,1710,270,45,45,26,40,1,1,None,A legionary walking
LEGION_WALK_G39,1363,LEGION_WALK,1755,270,45,45,26,40,1,1,None,A legionary walking
LEGION_WALK_G40,1364,LEGION_WALK,1800,270,45,45,26,40,1,1,None,A legionary walking
LEGION_WALK_H0,1365,LEGION_WALK,0,315,45,45,26,40,1,1,None,A legionary walking
LEGION_WALK_H1,1366,LEGION_WALK,45,315,45,45,26,40,1,1,None,A legionary walking
LEGION_WALK_H2,1367,LEGION_WALK,90,315,45,45,26,40,1,1,None,A legionary walking
LEGION_WALK_H3,1368,LEGION_WALK,135,315,45,45,26,40,1,1,None,A legionary walking
LEGION_WALK_H4,1369,LEGION_WALK,180,315,45,45,26,40,1,1,None,A legionary walking
LEGION_WALK_H5,1370,LEGION_WALK,225,315,45,45,26,40,1,1,None,A legionary walking
LEGION_WALK_H6,1371,LEGION_WALK,270,315,45,45,26,40,1,1,None,A legionary walking
LEGION_WALK_H7,1372,LEGION_WALK,315,315,45,45,26,40,1,1,None,A legionary walking
LEGION_WALK_H8,1373,LEGION_WALK,360,315,45,45,26,40,1,1,None,A legionary walking
LEGION_WALK_H9,1374,LEGION_WALK,405,315,45,45,26,40,1,1,None,A legionary walking
LEGION_WALK_H10,1375,LEGION_WALK,450,315,45,45,26,40,1,1,None,A legionary walking
LEGION_WALK_H11,1376,LEGION_WALK,495,315,45,45,26,40,1,1,None,A legionary walking
LEGION_WALK_H12,1377,LEGION_WALK,540,315,45,45,26,40,1,1,None,A legionary walking
LEGION_WALK_H13,1378,LEGION_WALK,585,315,45,45,26,40,1,1,None,A legionary walking
LEGION_WALK_H14,1379,LEGION_WALK,630,315,45,45,26,40,1,1,None,A legionary walking
LEGION_WALK_H15,1380,LEGION_WALK,675,315,45,45,26,40,1,1,None,A legionary walking
LEGION_WALK_H16,1381,LEGION_WALK,720,315,45,45,26,40,1,1,None,A legionary walking
LEGION_WALK_H17,1382,LEGION_WALK,765,315,45,45,26,40,1,1,None,A legionary walking
LEGION_WALK_H18,1383,LEGION_WALK,810,315,45,45,26,40,1,1,None,A legionary walking
LEGION_WALK_H19,1384,LEGION_WALK,855,315,45,45,26,40,1,1,None,A legionary walking
LEGION_WALK_H20,1385,LEGION_WALK,900,315,45,45,26,40,1,1,None,A legionary walking
LEGION_WALK_H21,1386,LEGION_WALK,945,315,45,45,26,40,1,1,None,A legionary walking
LEGION_WALK_H22,1387,LEGION_WALK,990,315,45,45,26,40,1,1,None,A legionary walking
LEGION_WALK_H23,1388,LEGION_WALK,1035,315,45,45,26,40,1,1,None,A legionary walking
LEGION_WALK_H24,1389,LEGION_WALK,1080,315,45,45,26,40,1,1,None,A legionary walking
LEGION_WALK_H25,1390,LEGION_WALK,1125,315,45,45,26,40,1,1,None,A legionary walking
LEGION_WALK_H26,1391,LEGION_WALK,1170,315,45,45,26,40,1,1,None,A legionary walking
LEGION_WALK_H27,1392,LEGION_WALK,1215,315,45,45,26,40,1,1,None,A legionary walking
LEGION_WALK_H28,1393,LEGION_WALK,1260,315,45,45,26,40,1,1,None,A legionary walking
LEGION_WALK_H29,1394,LEGION_WALK,1305,315,45,45,26,40,1,1,None,A legionary walking
LEGION_WALK_H30,1395,LEGION_WALK,1350,315,45,45,26,40,1,1,None,A legionary walking
LEGION_WALK_H31,1396,LEGION_WALK,1395,315,45,45,26,40,1,1,None,A legionary walking
LEGION_WALK_H32,1397,LEGION_WALK,1440,315,45,45,26,40,1,1,None,A legionary walking
LEGION_WALK_H33,1398,LEGION_WALK,1485,315,45,45,26,40,1,1,None,A legionary walking
LEGION_WALK_H34,1399,LEGION_WALK,1530,315,45,45,26,40,1,1,None,A legionary walking
LEGION_WALK_H35,1400,LEGION_WALK,1575,315,45,45,26,40,1,1,None,A legionary walking
LEGION_WALK_H36,1401,LEGION_WALK,1620,315,45,45,26,40,1,1,None,A legionary walking
LEGION_WALK_H37,1402,LEGION_WALK,1665,315,45,45,26,40,1,1,None,A legionary walking
LEGION_WALK_H38,1403,LEGION_WALK,1710,315,45,45,26,40,1,1,None,A legionary walking
LEGION_WALK_H39,1404,LEGION_WALK,1755,315,45,45,26,40,1,1,None,A legionary walking
LEGION_WALK_H40,1405,LEGION_WALK,1800,315,45,45,26,40,1,1,None,A legionary walking
