LEGION_IDLE_H0,2494,LEGION_IDLE,0,0,30,45,16,40,1,1,None,A legionary standing
LEGION_IDLE_H1,2495,LEGION_IDLE,30,0,30,45,16,40,1,1,None,A legionary standing
LEGION_IDLE_H2,2496,LEGION_IDLE,60,0,30,45,16,40,1,1,None,A legionary standing
LEGION_IDLE_H3,2497,LEGION_IDLE,90,0,30,45,16,40,1,1,None,A legionary standing
LEGION_IDLE_H4,2498,LEGION_IDLE,120,0,30,45,16,40,1,1,None,A legionary standing
LEGION_IDLE_H5,2499,LEGION_IDLE,150,0,30,45,16,40,1,1,None,A legionary standing
LEGION_IDLE_H6,2500,LEGION_IDLE,180,0,30,45,16,40,1,1,None,A legionary standing
LEGION_IDLE_H7,2501,LEGION_IDLE,210,0,30,45,16,40,1,1,None,A legionary standing
LEGION_IDLE_H8,2502,LEGION_IDLE,240,0,30,45,16,40,1,1,None,A legionary standing
LEGION_IDLE_H9,2503,LEGION_IDLE,270,0,30,45,16,40,1,1,None,A legionary standing
LEGION_IDLE_H10,2504,LEGION_IDLE,300,0,30,45,16,40,1,1,None,A legionary standing
LEGION_IDLE_H11,2505,LEGION_IDLE,330,0,30,45,16,40,1,1,None,A legionary standing
LEGION_IDLE_H12,2506,LEGION_IDLE,360,0,30,45,16,40,1,1,None,A legionary standing
LEGION_IDLE_H13,2507,LEGION_IDLE,390,0,30,45,16,40,1,1,None,A legionary standing
LEGION_IDLE_H14,2508,LEGION_IDLE,420,0,30,45,16,40,1,1,None,A legionary standing
LEGION_IDLE_H15,2509,LEGION_IDLE,450,0,30,45,16,40,1,1,None,A legionary standing
LEGION_IDLE_H16,2510,LEGION_IDLE,480,0,30,45,16,40,1,1,None,A legionary standing
LEGION_IDLE_H17,2511,LEGION_IDLE,510,0,30,45,16,40,1,1,None,A legionary standing
LEGION_IDLE_H18,2512,LEGION_IDLE,540,0,30,45,16,40,1,1,None,A legionary standing
LEGION_IDLE_H19,2513,LEGION_IDLE,570,0,30,45,16,40,1,1,None,A legionary standing
LEGION_IDLE_H20,2514,LEGION_IDLE,600,0,30,45,16,40,1,1,None,A legionary standing
LEGION_IDLE_H21,2515,LEGION_IDLE,630,0,30,45,16,40,1,1,None,A legionary standing
LEGION_IDLE_H22,2516,LEGION_IDLE,660,0,30,45,16,40,1,1,None,A legionary standing
LEGION_IDLE_H23,2517,LEGION_IDLE,690,0,30,45,16,40,1,1,None,A legionary standing
LEGION_IDLE_H24,2518,LEGION_IDLE,720,0,30,45,16,40,1,1,None,A legionary standing
LEGION_IDLE_H25,2519,LEGION_IDLE,750,0,30,45,16,40,1,1,None,A legionary standing
LEGION_IDLE_H26,2520,LEGION_IDLE,780,0,30,45,16,40,1,1,None,A legionary standing
LEGION_IDLE_H27,2521,LEGION_IDLE,810,0,30,45,16,40,1,1,None,A legionary standing
LEGION_IDLE_H28,2522,LEGION_IDLE,840,0,30,45,16,40,1,1,None,A legionary standing
LEGION_IDLE_H29,2523,LEGION_IDLE,870,0,30,45,16,40,1,1,None,A legionary standing
LEGION_IDLE_H30,2524,LEGION_IDLE,900,0,30,45,16,40,1,1,None,A legionary standing
LEGION_IDLE_H31,2525,LEGION_IDLE,930,0,30,45,16,40,1,1,None,A legionary standing
LEGION_IDLE_H32,2526,LEGION_IDLE,960,0,30,45,16,40,1,1,None,A legionary standing
LEGION_IDLE_H33,2527,LEGION_IDLE,990,0,30,45,16,40,1,1,None,A legionary standing
LEGION_IDLE_H34,2528,LEGION_IDLE,1020,0,30,45,16,40,1,1,None,A legionary standing
LEGION_IDLE_H35,2529,LEGION_IDLE,1050,0,30,45,16,40,1,1,None,A legionary standing
LEGION_IDLE_H36,2530,LEGION_IDLE,1080,0,30,45,16,40,1,1,None,A legionary standing
LEGION_IDLE_H37,2531,LEGION_IDLE,1110,0,30,45,16,40,1,1,None,A legionary standing
LEGION_IDLE_A0,2532,LEGION_IDLE,0,45,30,45,16,40,1,1,None,A legionary standing
LEGION_IDLE_A1,2533,LEGION_IDLE,30,45,30,45,16,40,1,1,None,A legionary standing
LEGION_IDLE_A2,2534,LEGION_IDLE,60,45,30,45,16,40,1,1,None,A legionary standing
LEGION_IDLE_A3,2535,LEGION_IDLE,90,45,30,45,16,40,1,1,None,A legionary standing
LEGION_IDLE_A4,2536,LEGION_IDLE,120,45,30,45,16,40,1,1,None,A legionary standing
LEGION_IDLE_A5,2537,LEGION_IDLE,150,45,30,45,16,40,1,1,None,A legionary standing
LEGION_IDLE_A6,2538,LEGION_IDLE,180,45,30,45,16,40,1,1,None,A legionary standing
LEGION_IDLE_A7,2539,LEGION_IDLE,210,45,30,45,16,40,1,1,None,A legionary standing
LEGION_IDLE_A8,2540,LEGION_IDLE,240,45,30,45,16,40,1,1,None,A legionary standing
LEGION_IDLE_A9,2541,LEGION_IDLE,270,45,30,45,16,40,1,1,None,A legionary standing
LEGION_IDLE_A10,2542,LEGION_IDLE,300,45,30,45,16,40,1,1,None,A legionary standing
LEGION_IDLE_A11,2543,LEGION_IDLE,330,45,30,45,16,40,1,1,None,A legionary standing
LEGION_IDLE_A12,2544,LEGION_IDLE,360,45,30,45,16,40,1,1,None,A legionary standing
LEGION_IDLE_A13,2545,LEGION_IDLE,390,45,30,45,16,40,1,1,None,A legionary standing
LEGION_IDLE_A14,2546,LEGION_IDLE,420,45,30,45,16,40,1,1,None,A legionary standing
LEGION_IDLE_A15,2547,LEGION_IDLE,450,45,30,45,16,40,1,1,None,A legionary standing
LEGION_IDLE_A16,2548,LEGION_IDLE,480,45,30,45,16,40,1,1,None,A legionary standing
LEGION_IDLE_A17,2549,LEGION_IDLE,510,45,30,45,16,40,1,1,None,A legionary standing
LEGION_IDLE_A18,2550,LEGION_IDLE,540,45,30,45,16,40,1,1,None,A legionary standing
LEGION_IDLE_A19,2551,LEGION_IDLE,570,45,30,45,16,40,1,1,None,A legionary standing
LEGION_IDLE_A20,2552,LEGION_IDLE,600,45,30,45,16,40,1,1,None,A legionary standing
LEGION_IDLE_A21,2553,LEGION_IDLE,630,45,30,45,16,40,1,1,None,A legionary standing
LEGION_IDLE_A22,2554,LEGION_IDLE,660,45,30,45,16,40,1,1,None,A legionary standing
LEGION_IDLE_A23,2555,LEGION_IDLE,690,45,30,45,16,40,1,1,None,A legionary standing
LEGION_IDLE_A24,2556,LEGION_IDLE,720,45,30,45,16,40,1,1,None,A legionary standing
LEGION_IDLE_A25,2557,LEGION_IDLE,750,45,30,45,16,40,1,1,None,A legionary standing
LEGION_IDLE_A26,2558,LEGION_IDLE,780,45,30,45,16,40,1,1,None,A legionary standing
LEGION_IDLE_A27,2559,LEGION_IDLE,810,45,30,45,16,40,1,1,None,A legionary standing
LEGION_IDLE_A28,2560,LEGION_IDLE,840,45,30,45,16,40,1,1,None,A legionary standing
LEGION_IDLE_A29,2561,LEGION_IDLE,870,45,30,45,16,40,1,1,None,A legionary standing
LEGION_IDLE_A30,2562,LEGION_IDLE,900,45,30,45,16,40,1,1,None,A legionary standing
LEGION_IDLE_A31,2563,LEGION_IDLE,930,45,30,45,16,40,1,1,None,A legionary standing
LEGION_IDLE_A32,2564,LEGION_IDLE,960,45,30,45,16,40,1,1,None,A legionary standing
LEGION_IDLE_A33,2565,LEGION_IDLE,990,45,30,45,16,40,1,1,None,A legionary standing
LEGION_IDLE_A34,2566,LEGION_IDLE,1020,45,30,45,16,40,1,1,None,A legionary standing
LEGION_IDLE_A35,2567,LEGION_IDLE,1050,45,30,45,16,40,1,1,None,A legionary standing
LEGION_IDLE_A36,2568,LEGION_IDLE,1080,45,30,45,16,40,1,1,None,A legionary standing
LEGION_IDLE_A37,2569,LEGION_IDLE,1110,45,30,45,16,40,1,1,None,A legionary standing
LEGION_IDLE_B0,2570,LEGION_IDLE,0,90,30,45,16,40,1,1,None,A legionary standing
LEGION_IDLE_B1,2571,LEGION_IDLE,30,90,30,45,16,40,1,1,None,A legionary standing
LEGION_IDLE_B2,2572,LEGION_IDLE,60,90,30,45,16,40,1,1,None,A legionary standing
LEGION_IDLE_B3,2573,LEGION_IDLE,90,90,30,45,16,40,1,1,None,A legionary standing
LEGION_IDLE_B4,2574,LEGION_IDLE,120,90,30,45,16,40,1,1,None,A legionary standing
LEGION_IDLE_B5,2575,LEGION_IDLE,150,90,30,45,16,40,1,1,None,A legionary standing
LEGION_IDLE_B6,2576,LEGION_IDLE,180,90,30,45,16,40,1,1,None,A legionary standing
LEGION_IDLE_B7,2577,LEGION_IDLE,210,90,30,45,16,40,1,1,None,A legionary standing
LEGION_IDLE_B8,2578,LEGION_IDLE,240,90,30,45,16,40,1,1,None,A legionary standing
LEGION_IDLE_B9,2579,LEGION_IDLE,270,90,30,45,16,40,1,1,None,A legionary standing
LEGION_IDLE_B10,2580,LEGION_IDLE,300,90,30,45,16,40,1,1,None,A legionary standing
LEGION_IDLE_B11,2581,LEGION_IDLE,330,90,30,45,16,40,1,1,None,A legionary standing
LEGION_IDLE_B12,2582,LEGION_IDLE,360,90,30,45,16,40,1,1,None,A legionary standing
LEGION_IDLE_B13,2583,LEGION_IDLE,390,90,30,45,16,40,1,1,None,A legionary standing
LEGION_IDLE_B14,2584,LEGION_IDLE,420,90,30,45,16,40,1,1,None,A legionary standing
LEGION_IDLE_B15,2585,LEGION_IDLE,450,90,30,45,16,40,1,1,None,A legionary standing
LEGION_IDLE_B16,2586,LEGION_IDLE,480,90,30,45,16,40,1,1,None,A legionary standing
LEGION_IDLE_B17,2587,LEGION_IDLE,510,90,30,45,16,40,1,1,None,A legionary standing
LEGION_IDLE_B18,2588,LEGION_IDLE,540,90,30,45,16,40,1,1,None,A legionary standing
LEGION_IDLE_B19,2589,LEGION_IDLE,570,90,30,45,16,40,1,1,None,A legionary standing
LEGION_IDLE_B20,2590,LEGION_IDLE,600,90,30,45,16,40,1,1,None,A legionary standing
LEGION_IDLE_B21,2591,LEGION_IDLE,630,90,30,45,16,40,1,1,None,A legionary standing
LEGION_IDLE_B22,2592,LEGION_IDLE,660,90,30,45,16,40,1,1,None,A legionary standing
LEGION_IDLE_B23,2593,LEGION_IDLE,690,90,30,45,16,40,1,1,None,A legionary standing
LEGION_IDLE_B24,2594,LEGION_IDLE,720,90,30,45,16,40,1,1,None,A legionary standing
LEGION_IDLE_B25,2595,LEGION_IDLE,750,90,30,45,16,40,1,1,None,A legionary standing
LEGION_IDLE_B26,2596,LEGION_IDLE,780,90,30,45,16,40,1,1,None,A legionary standing
LEGION_IDLE_B27,2597,LEGION_IDLE,810,90,30,45,16,40,1,1,None,A legionary standing
LEGION_IDLE_B28,2598,LEGION_IDLE,840,90,30,45,16,40,1,1,None,A legionary standing
LEGION_IDLE_B29,2599,LEGION_IDLE,870,90,30,45,16,40,1,1,None,A legionary standing
LEGION_IDLE_B30,2600,LEGION_IDLE,900,90,30,45,16,40,1,1,None,A legionary standing
LEGION_IDLE_B31,2601,LEGION_IDLE,930,90,30,45,16,40,1,1,None,A legionary standing
LEGION_IDLE_B32,2602,LEGION_IDLE,960,90,30,45,16,40,1,1,None,A legionary standing
LEGION_IDLE_B33,2603,LEGION_IDLE,990,90,30,45,16,40,1,1,None,A legionary standing
LEGION_IDLE_B34,2604,LEGION_IDLE,1020,90,30,45,16,40,1,1,None,A legionary standing
LEGION_IDLE_B35,2605,LEGION_IDLE,1050,90,30,45,16,40,1,1,None,A legionary standing
LEGION_IDLE_B36,2606,LEGION_IDLE,1080,90,30,45,16,40,1,1,None,A legionary standing
LEGION_IDLE_B37,2607,LEGION_IDLE,1110,90,30,45,16,40,1,1,None,A legionary standing
LEGION_IDLE_C0,2608,LEGION_IDLE,0,135,30,45,16,40,1,1,None,A legionary standing
LEGION_IDLE_C1,2609,LEGION_IDLE,30,135,30,45,16,40,1,1,None,A legionary standing
LEGION_IDLE_C2,2610,LEGION_IDLE,60,135,30,45,16,40,1,1,None,A legionary standing
LEGION_IDLE_C3,2611,LEGION_IDLE,90,135,30,45,16,40,1,1,None,A legionary standing
LEGION_IDLE_C4,2612,LEGION_IDLE,120,135,30,45,16,40,1,1,None,A legionary standing
LEGION_IDLE_C5,2613,LEGION_IDLE,150,135,30,45,16,40,1,1,None,A legionary standing
LEGION_IDLE_C6,2614,LEGION_IDLE,180,135,30,45,16,40,1,1,None,A legionary standing
LEGION_IDLE_C7,2615,LEGION_IDLE,210,135,30,45,16,40,1,1,None,A legionary standing
LEGION_IDLE_C8,2616,LEGION_IDLE,240,135,30,45,16,40,1,1,None,A legionary standing
LEGION_IDLE_C9,2617,LEGION_IDLE,270,135,30,45,16,40,1,1,None,A legionary standing
LEGION_IDLE_C10,2618,LEGION_IDLE,300,135,30,45,16,40,1,1,None,A legionary standing
LEGION_IDLE_C11,2619,LEGION_IDLE,330,135,30,45,16,40,1,1,None,A legionary standing
LEGION_IDLE_C12,2620,LEGION_IDLE,360,135,30,45,16,40,1,1,None,A legionary standing
LEGION_IDLE_C13,2621,LEGION_IDLE,390,135,30,45,16,40,1,1,None,A legionary standing
LEGION_IDLE_C14,2622,LEGION_IDLE,420,135,30,45,16,40,1,1,None,A legionary standing
LEGION_IDLE_C15,2623,LEGION_IDLE,450,135,30,45,16,40,1,1,None,A legionary standing
LEGION_IDLE_C16,2624,LEGION_IDLE,480,135,30,45,16,40,1,1,None,A legionary standing
LEGION_IDLE_C17,2625,LEGION_IDLE,510,135,30,45,16,40,1,1,None,A legionary standing
LEGION_IDLE_C18,2626,LEGION_IDLE,540,135,30,45,16,40,1,1,None,A legionary standing
LEGION_IDLE_C19,2627,LEGION_IDLE,570,135,30,45,16,40,1,1,None,A legionary standing
LEGION_IDLE_C20,2628,LEGION_IDLE,600,135,30,45,16,40,1,1,None,A legionary standing
LEGION_IDLE_C21,2629,LEGION_IDLE,630,135,30,45,16,40,1,1,None,A legionary standing
LEGION_IDLE_C22,2630,LEGION_IDLE,660,135,30,45,16,40,1,1,None,A legionary standing
LEGION_IDLE_C23,2631,LEGION_IDLE,690,135,30,45,16,40,1,1,None,A legionary standing
LEGION_IDLE_C24,2632,LEGION_IDLE,720,135,30,45,16,40,1,1,None,A legionary standing
LEGION_IDLE_C25,2633,LEGION_IDLE,750,135,30,45,16,40,1,1,None,A legionary standing
LEGION_IDLE_C26,2634,LEGION_IDLE,780,135,30,45,16,40,1,1,None,A legionary standing
LEGION_IDLE_C27,2635,LEGION_IDLE,810,135,30,45,16,40,1,1,None,A legionary standing
LEGION_IDLE_C28,2636,LEGION_IDLE,840,135,30,45,16,40,1,1,None,A legionary standing
LEGION_IDLE_C29,2637,LEGION_IDLE,870,135,30,45,16,40,1,1,None,A legionary standing
LEGION_IDLE_C30,2638,LEGION_IDLE,900,135,30,45,16,40,1,1,None,A legionary standing
LEGION_IDLE_C31,2639,LEGION_IDLE,930,135,30,45,16,40,1,1,None,A legionary standing
LEGION_IDLE_C32,2640,LEGION_IDLE,960,135,30,45,16,40,1,1,None,A legionary standing
LEGION_IDLE_C33,2641,LEGION_IDLE,990,135,30,45,16,40,1,1,None,A legionary standing
LEGION_IDLE_C34,2642,LEGION_IDLE,1020,135,30,45,16,40,1,1,None,A legionary standing
LEGION_IDLE_C35,2643,LEGION_IDLE,1050,135,30,45,16,40,1,1,None,A legionary standing
LEGION_IDLE_C36,2644,LEGION_IDLE,1080,135,30,45,16,40,1,1,None,A legionary standing
LEGION_IDLE_C37,2645,LEGION_IDLE,1110,135,30,45,16,40,1,1,None,A legionary standing
LEGION_IDLE_D0,2646,LEGION_IDLE,0,180,30,45,16,40,1,1,None,A legionary standing
LEGION_IDLE_D1,2647,LEGION_IDLE,30,180,30,45,16,40,1,1,None,A legionary standing
LEGION_IDLE_D2,2648,LEGION_IDLE,60,180,30,45,16,40,1,1,None,A legionary standing
LEGION_IDLE_D3,2649,LEGION_IDLE,90,180,30,45,16,40,1,1,None,A legionary standing
LEGION_IDLE_D4,2650,LEGION_IDLE,120,180,30,45,16,40,1,1,None,A legionary standing
LEGION_IDLE_D5,2651,LEGION_IDLE,150,180,30,45,16,40,1,1,None,A legionary standing
LEGION_IDLE_D6,2652,LEGION_IDLE,180,180,30,45,16,40,1,1,None,A legionary standing
LEGION_IDLE_D7,2653,LEGION_IDLE,210,180,30,45,16,40,1,1,None,A legionary standing
LEGION_IDLE_D8,2654,LEGION_IDLE,240,180,30,45,16,40,1,1,None,A legionary standing
LEGION_IDLE_D9,2655,LEGION_IDLE,270,180,30,45,16,40,1,1,None,A legionary standing
LEGION_IDLE_D10,2656,LEGION_IDLE,300,180,30,45,16,40,1,1,None,A legionary standing
LEGION_IDLE_D11,2657,LEGION_IDLE,330,180,30,45,16,40,1,1,None,A legionary standing
LEGION_IDLE_D12,2658,LEGION_IDLE,360,180,30,45,16,40,1,1,None,A legionary standing
LEGION_IDLE_D13,2659,LEGION_IDLE,390,180,30,45,16,40,1,1,None,A legionary standing
LEGION_IDLE_D14,2660,LEGION_IDLE,420,180,30,45,16,40,1,1,None,A legionary standing
LEGION_IDLE_D15,2661,LEGION_IDLE,450,180,30,45,16,40,1,1,None,A legionary standing
LEGION_IDLE_D16,2662,LEGION_IDLE,480,180,30,45,16,40,1,1,None,A legionary standing
LEGION_IDLE_D17,2663,LEGION_IDLE,510,180,30,45,16,40,1,1,None,A legionary standing
LEGION_IDLE_D18,2664,LEGION_IDLE,540,180,30,45,16,40,1,1,None,A legionary standing
LEGION_IDLE_D19,2665,LEGION_IDLE,570,180,30,45,16,40,1,1,None,A legionary standing
LEGION_IDLE_D20,2666,LEGION_IDLE,600,180,30,45,16,40,1,1,None,A legionary standing
LEGION_IDLE_D21,2667,LEGION_IDLE,630,180,30,45,16,40,1,1,None,A legionary standing
LEGION_IDLE_D22,2668,LEGION_IDLE,660,180,30,45,16,40,1,1,None,A legionary standing
LEGION_IDLE_D23,2669,LEGION_IDLE,690,180,30,45,16,40,1,1,None,A legionary standing
LEGION_IDLE_D24,2670,LEGION_IDLE,720,180,30,45,16,40,1,1,None,A legionary standing
LEGION_IDLE_D25,2671,LEGION_IDLE,750,180,30,45,16,40,1,1,None,A legionary standing
LEGION_IDLE_D26,2672,LEGION_IDLE,780,180,30,45,16,40,1,1,None,A legionary standing
LEGION_IDLE_D27,2673,LEGION_IDLE,810,180,30,45,16,40,1,1,None,A legionary standing
LEGION_IDLE_D28,2674,LEGION_IDLE,840,180,30,45,16,40,1,1,None,A legionary standing
LEGION_IDLE_D29,2675,LEGION_IDLE,870,180,30,45,16,40,1,1,None,A legionary standing
LEGION_IDLE_D30,2676,LEGION_IDLE,900,180,30,45,16,40,1,1,None,A legionary standing
LEGION_IDLE_D31,2677,LEGION_IDLE,930,180,30,45,16,40,1,1,None,A legionary standing
LEGION_IDLE_D32,2678,LEGION_IDLE,960,180,30,45,16,40,1,1,None,A legionary standing
LEGION_IDLE_D33,2679,LEGION_IDLE,990,180,30,45,16,40,1,1,None,A legionary standing
LEGION_IDLE_D34,2680,LEGION_IDLE,1020,180,30,45,16,40,1,1,None,A legionary standing
LEGION_IDLE_D35,2681,LEGION_IDLE,1050,180,30,45,16,40,1,1,None,A legionary standing
LEGION_IDLE_D36,2682,LEGION_IDLE,1080,180,30,45,16,40,1,1,None,A legionary standing
LEGION_IDLE_D37,2683,LEGION_IDLE,1110,180,30,45,16,40,1,1,None,A legionary standing
LEGION_IDLE_E0,2684,LEGION_IDLE,0,225,30,45,16,40,1,1,None,A legionary standing
LEGION_IDLE_E1,2685,LEGION_IDLE,30,225,30,45,16,40,1,1,None,A legionary standing
LEGION_IDLE_E2,2686,LEGION_IDLE,60,225,30,45,16,40,1,1,None,A legionary standing
LEGION_IDLE_E3,2687,LEGION_IDLE,90,225,30,45,16,40,1,1,None,A legionary standing
LEGION_IDLE_E4,2688,LEGION_IDLE,120,225,30,45,16,40,1,1,None,A legionary standing
LEGION_IDLE_E5,2689,LEGION_IDLE,150,225,30,45,16,40,1,1,None,A legionary standing
LEGION_IDLE_E6,2690,LEGION_IDLE,180,225,30,45,16,40,1,1,None,A legionary standing
LEGION_IDLE_E7,2691,LEGION_IDLE,210,225,30,45,16,40,1,1,None,A legionary standing
LEGION_IDLE_E8,2692,LEGION_IDLE,240,225,30,45,16,40,1,1,None,A legionary standing
LEGION_IDLE_E9,2693,LEGION_IDLE,270,225,30,45,16,40,1,1,None,A legionary standing
LEGION_IDLE_E10,2694,LEGION_IDLE,300,225,30,45,16,40,1,1,None,A legionary standing
LEGION_IDLE_E11,2695,LEGION_IDLE,330,225,30,45,16,40,1,1,None,A legionary standing
LEGION_IDLE_E12,2696,LEGION_IDLE,360,225,30,45,16,40,1,1,None,A legionary standing
LEGION_IDLE_E13,2697,LEGION_IDLE,390,225,30,45,16,40,1,1,None,A legionary standing
LEGION_IDLE_E14,2698,LEGION_IDLE,420,225,30,45,16,40,1,1,None,A legionary standing
LEGION_IDLE_E15,2699,LEGION_IDLE,450,225,30,45,16,40,1,1,None,A legionary standing
LEGION_IDLE_E16,2700,LEGION_IDLE,480,225,30,45,16,40,1,1,None,A legionary standing
LEGION_IDLE_E17,2701,LEGION_IDLE,510,225,30,45,16,40,1,1,None,A legionary standing
LEGION_IDLE_E18,2702,LEGION_IDLE,540,225,30,45,16,40,1,1,None,A legionary standing
LEGION_IDLE_E19,2703,LEGION_IDLE,570,225,30,45,16,40,1,1,None,A legionary standing
LEGION_IDLE_E20,2704,LEGION_IDLE,600,225,30,45,16,40,1,1,None,A legionary standing
LEGION_IDLE_E21,2705,LEGION_IDLE,630,225,30,45,16,40,1,1,None,A legionary standing
LEGION_IDLE_E22,2706,LEGION_IDLE,660,225,30,45,16,40,1,1,None,A legionary standing
LEGION_IDLE_E23,2707,LEGION_IDLE,690,225,30,45,16,40,1,1,None,A legionary standing
LEGION_IDLE_E24,2708,LEGION_IDLE,720,225,30,45,16,40,1,1,None,A legionary standing
LEGION_IDLE_E25,2709,LEGION_IDLE,750,225,30,45,16,40,1,1,None,A legionary standing
LEGION_IDLE_E26,2710,LEGION_IDLE,780,225,30,45,16,40,1,1,None,A legionary standing
LEGION_IDLE_E27,2711,LEGION_IDLE,810,225,30,45,16,40,1,1,None,A legionary standing
LEGION_IDLE_E28,2712,LEGION_IDLE,840,225,30,45,16,40,1,1,None,A legionary standing
LEGION_IDLE_E29,2713,LEGION_IDLE,870,225,30,45,16,40,1,1,None,A legionary standing
LEGION_IDLE_E30,2714,LEGION_IDLE,900,225,30,45,16,40,1,1,None,A legionary standing
LEGION_IDLE_E31,2715,LEGION_IDLE,930,225,30,45,16,40,1,1,None,A legionary standing
LEGION_IDLE_E32,2716,LEGION_IDLE,960,225,30,45,16,40,1,1,None,A legionary standing
LEGION_IDLE_E33,2717,LEGION_IDLE,990,225,30,45,16,40,1,1,None,A legionary standing
LEGION_IDLE_E34,2718,LEGION_IDLE,1020,225,30,45,16,40,1,1,None,A legionary standing
LEGION_IDLE_E35,2719,LEGION_IDLE,1050,225,30,45,16,40,1,1,None,A legionary standing
LEGION_IDLE_E36,2720,LEGION_IDLE,1080,225,30,45,16,40,1,1,None,A legionary standing
LEGION_IDLE_E37,2721,LEGION_IDLE,1110,225,30,45,16,40,1,1,None,A legionary standing
LEGION_IDLE_F0,2722,LEGION_IDLE,0,270,30,45,16,40,1,1,None,A legionary standing
LEGION_IDLE_F1,2723,LEGION_IDLE,30,270,30,45,16,40,1,1,None,A legionary standing
LEGION_IDLE_F2,2724,LEGION_IDLE,60,270,30,45,16,40,1,1,None,A legionary standing
LEGION_IDLE_F3,2725,LEGION_IDLE,90,270,30,45,16,40,1,1,None,A legionary standing
LEGION_IDLE_F4,2726,LEGION_IDLE,120,270,30,45,16,40,1,1,None,A legionary standing
LEGION_IDLE_F5,2727,LEGION_IDLE,150,270,30,45,16,40,1,1,None,A legionary standing
LEGION_IDLE_F6,2728,LEGION_IDLE,180,270,30,45,16,40,1,1,None,A legionary standing
LEGION_IDLE_F7,2729,LEGION_IDLE,210,270,30,45,16,40,1,1,None,A legionary standing
LEGION_IDLE_F8,2730,LEGION_IDLE,240,270,30,45,16,40,1,1,None,A legionary standing
LEGION_IDLE_F9,2731,LEGION_IDLE,270,270,30,45,16,40,1,1,None,A legionary standing
LEGION_IDLE_F10,2732,LEGION_IDLE,300,270,30,45,16,40,1,1,None,A legionary standing
LEGION_IDLE_F11,2733,LEGION_IDLE,330,270,30,45,16,40,1,1,None,A legionary standing
LEGION_IDLE_F12,2734,LEGION_IDLE,360,270,30,45,16,40,1,1,None,A legionary standing
LEGION_IDLE_F13,2735,LEGION_IDLE,390,270,30,45,16,40,1,1,None,A legionary standing
LEGION_IDLE_F14,2736,LEGION_IDLE,420,270,30,45,16,40,1,1,None,A legionary standing
LEGION_IDLE_F15,2737,LEGION_IDLE,450,270,30,45,16,40,1,1,None,A legionary standing
LEGION_IDLE_F16,2738,LEGION_IDLE,480,270,30,45,16,40,1,1,None,A legionary standing
LEGION_IDLE_F17,2739,LEGION_IDLE,510,270,30,45,16,40,1,1,None,A legionary standing
LEGION_IDLE_F18,2740,LEGION_IDLE,540,270,30,45,16,40,1,1,None,A legionary standing
LEGION_IDLE_F19,2741,LEGION_IDLE,570,270,30,45,16,40,1,1,None,A legionary standing
LEGION_IDLE_F20,2742,LEGION_IDLE,600,270,30,45,16,40,1,1,None,A legionary standing
LEGION_IDLE_F21,2743,LEGION_IDLE,630,270,30,45,16,40,1,1,None,A legionary standing
LEGION_IDLE_F22,2744,LEGION_IDLE,660,270,30,45,16,40,1,1,None,A legionary standing
LEGION_IDLE_F23,2745,LEGION_IDLE,690,270,30,45,16,40,1,1,None,A legionary standing
LEGION_IDLE_F24,2746,LEGION_IDLE,720,270,30,45,16,40,1,1,None,A legionary standing
LEGION_IDLE_F25,2747,LEGION_IDLE,750,270,30,45,16,40,1,1,None,A legionary standing
LEGION_IDLE_F26,2748,LEGION_IDLE,780,270,30,45,16,40,1,1,None,A legionary standing
LEGION_IDLE_F27,2749,LEGION_IDLE,810,270,30,45,16,40,1,1,None,A legionary standing
LEGION_IDLE_F28,2750,LEGION_IDLE,840,270,30,45,16,40,1,1,None,A legionary standing
LEGION_IDLE_F29,2751,LEGION_IDLE,870,270,30,45,16,40,1,1,None,A legionary standing
LEGION_IDLE_F30,2752,LEGION_IDLE,900,270,30,45,16,40,1,1,None,A legionary standing
LEGION_IDLE_F31,2753,LEGION_IDLE,930,270,30,45,16,40,1,1,None,A legionary standing
LEGION_IDLE_F32,2754,LEGION_IDLE,960,270,30,45,16,40,1,1,None,A legionary standing
LEGION_IDLE_F33,2755,LEGION_IDLE,990,270,30,45,16,40,1,1,None,A legionary standing
LEGION_IDLE_F34,2756,LEGION_IDLE,1020,270,30,45,16,40,1,1,None,A legionary standing
LEGION_IDLE_F35,2757,LEGION_IDLE,1050,270,30,45,16,40,1,1,None,A legionary standing
LEGION_IDLE_F36,2758,LEGION_IDLE,1080,270,30,45,16,40,1,1,None,A legionary standing
LEGION_IDLE_F37,2759,LEGION_IDLE,1110,270,30,45,16,40,1,1,None,A legionary standing
LEGION_IDLE_G00,2760,LEGION_IDLE,0,315,30,45,16,40,1,1,None,A legionary standing
LEGION_IDLE_G01,2761,LEGION_IDLE,30,315,30,45,16,40,1,1,None,A legionary standing
LEGION_IDLE_G02,2762,LEGION_IDLE,60,315,30,45,16,40,1,1,None,A legionary standing
LEGION_IDLE_G03,2763,LEGION_IDLE,90,315,30,45,16,40,1,1,None,A legionary standing
LEGION_IDLE_G04,2764,LEGION_IDLE,120,315,30,45,16,40,1,1,None,A legionary standing
LEGION_IDLE_G05,2765,LEGION_IDLE,150,315,30,45,16,40,1,1,None,A legionary standing
LEGION_IDLE_G06,2766,LEGION_IDLE,180,315,30,45,16,40,1,1,None,A legionary standing
LEGION_IDLE_G07,2767,LEGION_IDLE,210,315,30,45,16,40,1,1,None,A legionary standing
LEGION_IDLE_G08,2768,LEGION_IDLE,240,315,30,45,16,40,1,1,None,A legionary standing
LEGION_IDLE_G09,2769,LEGION_IDLE,270,315,30,45,16,40,1,1,None,A legionary standing
LEGION_IDLE_G10,2770,LEGION_IDLE,300,315,30,45,16,40,1,1,None,A legionary standing
LEGION_IDLE_G11,2771,LEGION_IDLE,330,315,30,45,16,40,1,1,None,A legionary standing
LEGION_IDLE_G12,2772,LEGION_IDLE,360,315,30,45,16,40,1,1,None,A legionary standing
LEGION_IDLE_G13,2773,LEGION_IDLE,390,315,30,45,16,40,1,1,None,A legionary standing
LEGION_IDLE_G14,2774,LEGION_IDLE,420,315,30,45,16,40,1,1,None,A legionary standing
LEGION_IDLE_G15,2775,LEGION_IDLE,450,315,30,45,16,40,1,1,None,A legionary standing
LEGION_IDLE_G16,2776,LEGION_IDLE,480,315,30,45,16,40,1,1,None,A legionary standing
LEGION_IDLE_G17,2777,LEGION_IDLE,510,315,30,45,16,40,1,1,None,A legionary standing
LEGION_IDLE_G18,2778,LEGION_IDLE,540,315,30,45,16,40,1,1,None,A legionary standing
LEGION_IDLE_G19,2779,LEGION_IDLE,570,315,30,45,16,40,1,1,None,A legionary standing
LEGION_IDLE_G20,2780,LEGION_IDLE,600,315,30,45,16,40,1,1,None,A legionary standing
LEGION_IDLE_G21,2781,LEGION_IDLE,630,315,30,45,16,40,1,1,None,A legionary standing
LEGION_IDLE_G22,2782,LEGION_IDLE,660,315,30,45,16,40,1,1,None,A legionary standing
LEGION_IDLE_G23,2783,LEGION_IDLE,690,315,30,45,16,40,1,1,None,A legionary standing
LEGION_IDLE_G24,2784,LEGION_IDLE,720,315,30,45,16,40,1,1,None,A legionary standing
LEGION_IDLE_G25,2785,LEGION_IDLE,750,315,30,45,16,40,1,1,None,A legionary standing
LEGION_IDLE_G26,2786,LEGION_IDLE,780,315,30,45,16,40,1,1,None,A legionary standing
LEGION_IDLE_G27,2787,LEGION_IDLE,810,315,30,45,16,40,1,1,None,A legionary standing
LEGION_IDLE_G28,2788,LEGION_IDLE,840,315,30,45,16,40,1,1,None,A legionary standing
LEGION_IDLE_G29,2789,LEGION_IDLE,870,315,30,45,16,40,1,1,None,A legionary standing
LEGION_IDLE_G30,2790,LEGION_IDLE,900,315,30,45,16,40,1,1,None,A legionary standing
LEGION_IDLE_G31,2791,LEGION_IDLE,930,315,30,45,16,40,1,1,None,A legionary standing
LEGION_IDLE_G32,2792,LEGION_IDLE,960,315,30,45,16,40,1,1,None,A legionary standing
LEGION_IDLE_G33,2793,LEGION_IDLE,990,315,30,45,16,40,1,1,None,A legionary standing
LEGION_IDLE_G34,2794,LEGION_IDLE,1020,315,30,45,16,40,1,1,None,A legionary standing
LEGION_IDLE_G35,2795,LEGION_IDLE,1050,315,30,45,16,40,1,1,None,A legionary standing
LEGION_IDLE_G36,2796,LEGION_IDLE,1080,315,30,45,16,40,1,1,None,A legionary standing
LEGION_IDLE_G37,2797,LEGION_IDLE,1110,315,30,45,16,40,1,1,None,A legionary standing
